APBB2	0.6324553284410754
NUTM2G	0.15635526290518031
PLEKHG4	0.5017845123083544
CHFR	0.7798044660847228
UBE2W	0.14157814471134433
UIMC1	0.40348846593046495
DCTN1	0.2378765182011513
DCT	0.3891349645051029
PIGG	0.4941032940546666
ENKUR	0.09718249927534761
SPAG6	0.4632363084340929
PARK2	0.6990289314957383
HMBS	0.05392071085577044
GNLY	0.7735916874073377
ALDH1L1	0.9572369146895375
EIF4E	0.474026572023153
HTR4	0.018806577770451027
DCAF4	0.854421870490927
LCLAT1	0.8179575365515497
TESPA1	0.5763381770668603
TMPRSS3	0.4516454392738245
LAT	0.20326241752329055
DBNDD1	0.07954136832115533
FAIM	0.01790495746135956
TXNRD1	0.008095671573989605
SLC24A4	0.1015315207256211
MTHFD1L	0.6423167701859969
MOBP	0.5930111072619311
LRMP	0.7133833345472187
KIAA0895	0.7688244769996444
LRSAM1	0.6568364561969557
TOX2	0.3159774869364924
PGR	0.44361905355660636
TMEM218	0.262257711156373
SOX6	0.320028226538032
ZSCAN31	0.009192773710814617
SFTPC	0.95829972298211
ELMOD3	0.773116115267203
WARS2	0.04787204219763075
CD101	0.1508415681860913
TREM1	0.645553381278317
CKMT2	0.27482743604457494
SLC13A3	0.7228167595635538
GGT5	0.0855849160647929
TRIM5	0.7130623442353166
SLC38A11	0.7170560041778449
COLQ	0.9191149083662786
CCDC51	0.3449744670415277
ERBB4	0.08556941224325432
CLHC1	0.6515682988589196
MUSK	0.5648599355216224
KCNIP3	0.09848973507177028
LRTOMT	0.3815310385433621
MRVI1	0.61276296887646
CACNB3	0.7220864211032136
DOCK8	-1.0
EZH2	0.9497852229370082
LEPRE1	0.3906912555349198
SPRTN	0.22841913985580287
ANKRD28	0.8154180549496812
CRHR2	0.10412893398776024
CROT	-1.0
THSD1	0.1867180816966031
ZIC4	0.4404531936656303
PKD1L2	-1.0
EYA1	0.12765205494954135
MAPK14	0.34860103672410947
RAPGEF1	0.299377971474623
YY1AP1	0.4971425920471795
HOGA1	0.9803084861227049
MPZL1	0.059463246268474435
RUNDC3B	0.4482334959496488
SCAMP5	0.6145255735712842
CDCA7	0.11176042403692465
LCA5	0.5053847670105873
RCAN3	0.06361223637913915
MUC4	0.6341893902259201
ACHE	0.04304865460641105
OASL	0.4959408530406487
CAMK2G	0.8893174364297521
FGF14	0.23765515564896678
B3GALNT1	0.5606139664240682
RREB1	0.059757202751007266
CKLF	0.11225531140627121
MOK	-1.0
KCNQ2	0.9950894773434819
EPHA6	0.9690833549385262
ING4	0.03879607533534768
C21orf62	0.4445269465935212
FAM69A	0.4003487276614087
PATZ1	0.6893922341464118
PC	0.734380956751641
TMEM116	0.2469597751312167
SLC12A5	-1.0
NOS1AP	0.20445471707904284
MEAF6	0.12099884792198534
C3orf18	0.09544560136857738
RBMS3	0.22720091193165004
HERC4	0.656909572945361
TTC23	0.9716007959462458
PCSK5	-1.0
SCRIB	0.9940923825451982
FAM115A	0.06980025745614638
DSN1	0.6467604396865072
STX16	0.015818775970493748
FEZ2	0.2572493826999911
SDCBP2	0.23000149537035663
ZNF133	0.38637009896523034
CCDC112	0.25967899936294125
RAB43	0.8713232186937016
ARHGAP22	0.5595286188366451
RASSF1	0.013630857803049401
BTG3	0.1419919706972248
MS4A14	0.41258657918904684
TMEM139	0.14767676031295562
GHR	0.1452762472628497
DNM1	0.6184511101462292
TPCN1	0.3001242957928152
STARD13	0.6745827143718384
GHRL	0.5981592269408532
SUV39H2	0.8658877186986699
COLEC11	0.46673196298826136
KIAA0586	0.8693494905826556
NR1I3	0.35177870716609105
OPA1	-1.0
PHF21B	0.08821992673990109
PPOX	0.13778514696205146
C7orf49	0.913435307596618
GLI1	0.6341438328708113
PHOSPHO2	0.7825361093599006
TGIF2	0.28606540130795755
SYT7	0.028542940130616312
KCNN3	0.8075493930588161
KCNAB1	-1.0
GRM1	0.9665314665481142
PDE4D	0.7078697210866607
PDZD7	0.9619285891078105
CD86	0.27529393120310086
RERE	0.04835826277269906
IFFO1	0.8482285380881242
GGT1	0.4731784098111578
GGACT	0.5739144624880578
DTX2	0.39238182755895945
DYRK3	0.14215419772015714
PPP3CB	0.3181518361483411
TRIM34	0.9261476824690588
BTN2A2	0.25033518865596727
TMEM136	0.39819590383734005
BNIP1	0.191151948290758
C10orf137	0.4960521966025766
MAPK8	0.8694247331583338
ZFYVE28	0.21694952847562776
ZNF423	0.643687233214858
SEMA6D	0.583970122022881
EXTL2	0.3884412980946129
TWIST2	0.08386126859357634
GABRB3	0.8536651633130375
IL4R	0.7348271076432158
ZCCHC11	0.9965037855764558
MIPOL1	0.7113710616292951
CTNND1	0.34514311386179164
RASSF8	0.5143086909370287
CD47	0.9318307258988886
IMPDH1	0.7129312519402627
ZNF620	0.6749123425409805
AFTPH	0.4838706892506337
ITGA7	0.6991473477571949
KCNIP2	0.17746416977062807
POU2F1	0.13806211350501463
LNX1	0.4617078840839195
DUSP13	0.26385540386335216
HYAL3	0.8535037900629647
E2F8	0.7124166107533016
MOB2	0.9256282285868218
AGFG1	0.6158904596797048
CALML4	0.7629583569113899
FOLH1	0.578470746782218
ALG1L	0.3849057475406288
CCDC108	0.8965184041626706
ECM1	0.11633562218726423
CORO1B	0.5783193398174615
FAM110A	0.004752345050984763
THTPA	0.1577151426343173
CDK6	0.7471220971336383
SGOL1	0.09392721351326339
PDE8A	0.9684963317962965
EDN3	0.20352247012115565
FGFR2	0.40293178775896354
PTK7	0.6046476655348743
PLEKHA1	0.21160481488700023
OSBPL6	-1.0
GAB2	0.12005740405166376
ALS2CR11	0.42566025119656425
PDE1A	0.5542686774378888
EFCAB4B	0.3286686635341104
FAM60A	0.5162647647459263
CEP57L1	0.4578739499570462
MEN1	0.2774107243444236
TAF1A	0.017302408832506777
BCL2L11	0.3619500373720276
CEP78	0.018039466281559946
CPEB2	0.2848947867204925
P2RY6	0.5786662680577819
CLECL1	0.6915713784722152
ENSA	0.6415304346688276
MDK	0.14994531955571733
TNFAIP8	0.008075871167882775
BRSK2	0.6442259297106536
PRR7	0.3779253688932551
BANP	0.24763430323467095
PROM1	0.38410026776815953
PIP4K2C	0.2242312898478661
PDE11A	0.7458872156912895
TSPAN9	0.12605619826066772
HFE	0.401523681042812
LPAR6	0.8262518628750353
LRRFIP2	0.7684150462907036
SLC26A5	0.5515994591446047
RGS6	0.2432690539285305
NEDD9	0.44155295288517293
NPTN	0.3831828615247872
SLC6A9	0.22363317312222797
LMX1B	0.23848185157791324
TRPC4AP	0.13617493425690008
PEX5L	0.8011824260055413
IRAK4	0.5472163302680202
PARD3	0.5334848934446691
NRG1	0.4737980555321316
UBE2D2	0.5487447786652824
GIT2	0.5756638394716331
NPAS3	0.717224359622822
SDCCAG3	0.35945320615140564
SCN5A	0.9182868192652134
NUSAP1	0.20319870818745733
SNX21	0.5194407245190864
MPST	0.23145155859755884
ABCC6	-1.0
NTRK1	0.4062326372115791
IGSF3	0.06616869993077668
DIP2A	-1.0
CDK20	0.29551709281257355
RAPGEF6	0.5249309943226925
GAS2L1	0.633664733829757
KIAA1324	0.26701368698387684
B3GALT5	0.4919757245904304
FANCC	0.4624662440120699
PCSK6	0.45405871380328544
TENC1	0.8901690994656709
SH2D2A	0.6928550580248236
NDRG2	-1.0
APBA2	0.5808497250320207
IGSF9	0.4280955109597404
SH2B1	0.6047885004661251
AKAP2	0.3308962686131808
SUMF1	0.004613893460479024
PPFIBP1	1.0
TOR2A	0.12160347767522195
GCH1	0.2508389810305044
MELK	0.12299784520497592
MUC20	0.24759188111909536
PARVB	0.3392509756094506
GIMAP6	0.8359494458580631
LIPT1	0.08374828487370944
MAN2C1	0.4829294504178423
C21orf2	0.889833128141334
THEMIS2	0.9641899547601543
GPM6A	0.48495184142350345
ACOX3	0.11751885685984764
TRIM6	0.3237860243363061
DUS2L	0.9097380975190271
DCTN4	0.02098761855538922
PAM	0.89174313179935
XPO6	-1.0
OGN	0.1229403383479506
ENTPD6	0.25096139920095417
MOV10L1	0.7678140774931835
NUDT8	0.08757646504959227
PRC1	0.4420240517433083
ABCB9	0.48865429267163496
TGFBRAP1	0.03524188276189244
MINPP1	0.05033988116932986
TTC39B	0.5772883431089316
TMC5	1.0
PLEKHB2	0.19099731504331618
PTPN6	0.2758872903181403
CACNB2	0.2934970040802821
MECOM	0.9700902039856414
FILIP1L	0.1567944675264894
DGKA	0.9271307618403435
SLC35C1	0.25481730876920294
PPP6R3	0.1804049793149075
CCRL1	0.7876527090896195
TAF1C	0.5969656075820688
HILPDA	0.9796479332192785
SH3BGR	0.36309017632277285
IFNAR2	0.21305243608378266
PASK	0.8275971446405654
LOC81691	0.09036091876670116
ABLIM1	0.7789598074417668
TNIK	0.6354105841148415
BID	0.7108939582561032
CAPN3	0.6531679635216368
CD4	0.478121701812541
PTK2B	-1.0
C8orf58	0.11251403188524012
KIAA1522	0.8660978749042072
CDK15	0.2669081939948821
FCGR2B	0.19283076094653784
ZNF454	0.636335070817157
ARPP21	0.07744959237593974
PAQR6	0.9112694734384106
JAKMIP2	0.825074187839093
CD36	0.5421254321470279
SH3GLB1	0.414389174007185
USP16	0.6535961171424334
FOLR1	0.9667444161746922
TCF12	0.8504992573678009
CNR1	0.07354938862425608
SEC14L3	0.5108198462484352
RASA4	-1.0
DGKZ	0.9811429981086475
CERKL	0.5024823409559238
IL34	0.2587553460666048
NEK1	-1.0
TMEM169	0.021550650888874756
CASP7	0.36741123278775145
GART	0.07145858573508967
CELF3	0.3513955710712995
EHBP1	0.23037997171119395
NEB	-1.0
CDC7	0.5764033198095387
TMEM51	0.14674523110743076
NT5C3A	0.16408356996302642
IL12RB2	0.1028014546509628
C16orf55	0.021065740286780654
TUBGCP2	-1.0
SDC1	0.21074902635424864
LEMD1	0.355080035010819
CCBL1	0.6141553532950772
ANK1	-1.0
HNF4A	0.8626143165579457
ACAD10	0.14032709282231426
QTRTD1	0.6839529350130724
SLFNL1	0.5782875951812566
ACSF3	0.14613996788570538
TLR4	0.5016830995948982
LMO3	0.44547693645290165
C9orf24	0.15549237227767831
PAICS	0.5423069677631207
CASC1	0.1399564897373241
CPSF4	0.45441507532298564
PIP5KL1	0.22936147582380362
COL5A1	-1.0
EFCAB1	0.559858136093758
CDCA8	0.692222024358158
SLC4A8	0.13963876460937297
PCSK1	0.3691355116084891
CXADR	0.49823940196016137
PUF60	0.12210926000667854
INTS6	0.46923005033022136
MTRR	-1.0
BTN3A1	0.8277129961126776
MEIS2	0.7636361530182372
PCDH7	0.5698171793201183
SLC22A6	0.35366581263207575
DEFB119	0.4781304362642782
DNMT3B	0.6405724580182511
FXN	1.0
GGA1	0.9214145673426948
NEK6	0.0046765026140555
SULT1A2	0.7545323084243996
SCN1A	0.8351853341091899
ASAP1	0.8502567881778619
SLC50A1	0.741834081429662
FTSJD1	0.8027886231254987
FCGR3A	0.03992331159280149
GCNT2	0.05747011674872149
TPD52L1	0.5161925358065439
ZWINT	0.9660483669894476
MRPL11	0.07078651284121817
ERGIC3	0.14698625704989143
CREB3L4	0.6174853227419835
TNFRSF25	0.8605660429580053
SMAP1	0.06669680097041397
BLNK	0.8385368302017253
GATA3	0.599688784576896
CES3	0.20021621974071524
PGF	0.29284966237716903
MYLK	0.5767980986167937
CSGALNACT1	0.48141465481218926
BLCAP	0.45529636801831597
SFI1	0.8974591214082248
FCGR3B	0.6715053704076237
SLC29A1	1.0
CDK11B	0.03112400146313532
LRRC20	0.922161146773089
SCO2	0.5695645294329722
ZNF438	0.6181195867815341
ANKRD53	0.069145003035611
CPS1	-1.0
DLC1	0.6463968222948037
SEMA4A	0.42147555872512776
SLCO5A1	0.36183796582018335
GRIA4	0.8432594307445581
ANXA7	0.24715755287575147
KIAA1598	0.8957516736874676
CDH13	0.6604784672483438
SAMD3	0.1047381071505582
ZNF219	4.7856671009760543E-4
RAB3GAP1	0.14548500951627497
STX2	0.3548262232895095
PHACTR3	0.8303809314143704
NMRK1	0.29948770538914915
ATF3	0.18669246909843418
ZDHHC16	0.4390622523483232
SMIM22	0.6721935543213329
CASP10	0.32092531623370113
SLC8A3	0.22961866427589217
MUC1	0.47225758957009334
STOML1	0.7957350938793839
NOP2	0.7621344210828392
PACRGL	0.07031442071368843
RAI14	0.13093301552162873
ARHGEF2	1.0
PPP2R1B	0.3768870983634063
PPP3CC	0.43232694732742216
LARGE	0.043646361723032046
INF2	0.012991727316467805
SIRPB1	0.43579225023474766
LRRC34	0.8568343190609131
IL15	0.3427652656588086
LAT2	0.3766430199178977
LIG4	0.3521986553874179
CD46	0.60291595402903
CCK	0.05028098995716823
FAM86C1	0.6922574424632094
TUBB3	0.9664883316599924
GOPC	0.6537769055277312
PNPLA8	0.014058866822895144
ADPRHL1	0.17649722841306037
AGAP2	0.7183089899743966
FAM26F	0.0012797771335347763
COL13A1	-1.0
TROAP	0.46419677491647715
SLC4A10	0.7444733833087961
KIAA0040	0.871565764885984
ANKEF1	0.07921513222131127
ARHGAP9	0.4363916962839032
S100A4	0.10936515929296364
ELAVL4	0.6563475441786979
TRIM13	0.4032101302018556
TSEN2	0.7001331011881476
ADORA1	0.5371659563458739
SCN2A	0.8788612501188704
IRF5	0.8501854943578732
AP4S1	0.2194332511951268
SPINT1	0.3614090532225491
TTC21A	0.4621123876150641
FGFR1OP2	0.19163288018984892
TGFA	0.003867498150152082
ZNF205	0.3232846029955313
POLR3H	0.5221794391725298
KIAA0319	0.7968792728922677
RGS10	0.3757142744689447
PEX11A	0.4555206387770733
PTPN3	0.3893118909690333
C16orf95	0.7339322423164287
SLC9A8	0.4047800947221325
VIPR1	0.1525103958419437
PTGS1	0.28081658234276907
RAG2	0.20602240576519937
VPS13C	-1.0
CA1	0.2351478223201895
ADAM15	0.3319615173865318
NPL	0.7467081693176434
DENND2D	0.11705374798071322
GRAMD3	0.5099491674293256
WDR66	0.9196282937152919
DCLRE1C	0.6066084256595137
SAMD4A	0.5032492043078907
FAM219A	0.7073551942595622
RALYL	0.3219386013407183
PTPRR	0.5270088688586176
ERG	0.3493762069397024
PDE1C	0.8155985010592046
NOSTRIN	-1.0
OSBPL8	0.4780364855890693
DMC1	0.33381322257984714
C20orf27	0.008718401060370473
ANKRD6	0.8827294166283041
KCNC1	0.4787380764827417
ZBTB48	0.6975049124826744
TPM3	0.12915325872862637
CDK1	0.11675645739832752
SAMSN1	0.1967460136127105
MLF1	0.8238755350506346
STPG1	0.7978386353537439
NCDN	0.1981147258118524
PTPN5	0.38014244474402226
TDRKH	0.43234078124466313
PRR5	0.4571548436533237
IGSF8	0.2308585010388423
EXOC1	0.02018925643544256
FSTL5	0.7225127299246648
CYP3A5	0.62330705611417
TTC13	0.786337858911258
CAMK2B	-1.0
WDR65	1.0
ANKRD26	1.0
ARHGEF26	0.5995601121980413
RCAN1	0.0823927579048005
PELI3	0.06537574275476599
SIRPG	0.3803576620931465
CASP1	-1.0
CMKLR1	0.020104763931421243
KCNK7	0.09902899837956514
MAST4	0.9254591631079309
ARSA	0.03810825224526038
MAGI1	0.5861382069493954
CLCNKB	-1.0
AMPD3	0.04327917426275285
ZNF3	0.24347292991732195
TK2	0.6788955312727366
PRELID2	0.15461821996383618
ATL1	0.2585582791633404
CDK18	0.2882546921663216
TBC1D24	0.3619479395726559
CACNA1C	-1.0
RPE	0.7144677111959157
CBWD1	0.17120708811786134
AFAP1	0.11035143228807365
GPR161	0.7591484543322423
RNF146	0.03986732503421375
NEO1	0.817281004891844
NRG3	0.6555203264498632
PRDM10	0.5335285992774503
MAP3K12	0.6827517768569761
WISP1	0.1514058946882446
STAU1	0.17452410744875013
TNIP1	0.7551235967708985
LIN9	-1.0
RUNX2	0.3196816151476365
TNFRSF18	0.013646602970330046
TRPM3	0.8461551076522239
SLC7A7	0.006490388048033924
RAB40C	0.5626188632858103
ZMYM2	0.9417047509665811
CLEC2D	0.038707603923339606
RARRES1	0.37386649968685526
LMCD1	0.34060531054665555
AIFM3	0.18574297297007059
DDO	0.007938401599168587
MAFF	0.12093272985255488
TYMP	0.7488939158629084
RBMS1	0.46378096269733515
ARL6	0.6114601718482914
AFF3	-1.0
MYB	0.46943735987553237
LAMA2	-1.0
TFDP2	0.12775009287051886
FKBP7	0.3934263578889451
BCO2	0.08272046281486833
CNTN4	0.7710557991700355
MGAT1	0.005893095998181552
PGAP2	0.4433437526845283
CHEK1	0.20907765023254588
INSC	0.9232928126859324
OPN4	0.6944946590078832
ECE2	1.0
LPXN	0.21814152128028141
IDNK	0.24028934402659097
FCGR1B	0.15766410029441602
RCC2	0.10684147560456214
ESRRG	0.46404159836523406
PLAGL1	0.016487994343362122
SMIM8	0.23445861361144704
CLCN2	0.28795929801374787
GPR126	0.5135516077405696
ELN	1.0
ZNF518A	0.4535209730567201
ST3GAL6	0.09826061678793752
EGFLAM	1.0
N6AMT1	0.6308308778625685
OXR1	0.006926991896899937
WDR4	0.6369098967188378
SLC35G1	0.5874510346505306
C8orf22	0.15618973485234444
MADD	-1.0
CENPN	0.6895529520247766
ATG13	0.471169400663879
ABLIM2	0.5537696703647985
IRF4	0.22712561227306405
ETNPPL	0.5831633249745297
SMC2	0.7401252286349875
FAM86A	0.7790649004754028
LYN	0.10170824066973139
USP21	0.7877550433316741
TBC1D1	0.1297592718172086
HTATIP2	0.7659533655809438
PLEC	-1.0
DCP2	0.26073997523748416
TMEM177	0.03479120985816375
LDHC	5.768948874163016E-9
BTN3A3	0.87053404651978
NFATC2	0.2110553391971175
ORAI2	0.25878515688642567
SLC38A1	0.2825811140595591
ST3GAL3	0.46831016821590477
PARP3	0.06719133229113194
ACSL6	-1.0
E2F6	0.14349055229736218
GRM4	0.29701715955483443
GTF2IRD1	-1.0
HSD11B1	0.6054954585404921
ALDH3B1	0.8260265737484539
ATG16L1	0.9613876783063109
SUOX	0.6947297643686493
ELMOD1	0.9233909652455088
CDK10	0.24546794424251628
ZNF200	0.46161596890426826
NUP155	0.9681898730815088
FGFR1	0.6427993192861877
CLCNKA	0.6787540612360037
CABP1	0.9238938619851998
ZNF484	0.3241980099413978
PPP1R9A	0.6655292020497456
EDNRA	0.9304287541585939
PALM2	0.41602414536994115
GDAP1L1	0.769931491166306
CBFA2T2	0.8866178794123317
AGTRAP	0.7653340974222587
FAIM3	0.9321642707979925
DISC1	0.6037205064088393
PLA2G6	0.8191331862457867
OSBPL3	0.8806227160648211
NSMF	0.4915132124258279
RGS8	0.0018539218614155306
PEX26	0.2100046779844077
NAV2	-1.0
ATXN7	0.36771670153223557
CHN2	0.4649746230146983
ARHGAP12	0.6947094050014292
HIPK3	0.7087253987173907
LFNG	0.34185082036528414
FBXO25	0.32139723467490344
CASP8AP2	0.012275773462277817
GABRA1	0.0075664785658620115
TEAD4	0.511459144671836
CARHSP1	0.48604631223530137
ARHGAP20	0.38758951744429493
CCDC74B	0.5441717811485025
CDC14B	0.6121532910781172
PLCH1	0.9864937825601917
CTNNBIP1	0.13865343395171215
BRPF1	0.16508226684704863
LIAS	0.328664120172821
PSD	0.5679690143543533
STIM2	0.38956060138727944
CHI3L2	0.3161377165067597
PRSS55	0.08909207232811067
AMMECR1L	0.9587109947558238
CYP3A43	0.14195672149467442
HYLS1	0.046949682086043665
SUSD4	0.24878924925068113
PTPRN	0.7771846007177133
NTNG1	0.2377468472192501
TBC1D7	0.5010719276777055
IL32	0.03414280199862019
HINFP	0.14119400500419266
MDP1	0.45199319963493867
NFKB1	0.49216711383403156
UBE3A	0.7134657683128112
CLTB	0.023746487102315306
EPHA8	0.6225377551094048
TSHR	0.2555203147881393
ETV1	0.22506239093841096
PHLDB2	0.2252134579685987
DCAF17	0.5698035810517427
KLF11	0.5110141328056721
PTPDC1	0.35465657601585443
C6orf223	0.8320200143104375
CCDC50	0.18509084587012692
RMDN2	0.6370203661538492
BDNF	0.6219419321126107
MTHFSD	0.8736361043719886
NUDT7	0.4124440206938772
TSEN15	0.3347145988642014
RASGRP2	0.654514078868935
NRP2	1.0
FLNC	-1.0
CENPO	0.4377148227065074
STEAP4	0.5838938569603844
CPT1B	0.3271489288522508
TBXAS1	0.6270205365613964
OPRL1	0.6938514214385065
SLC4A2	0.9344912248495681
RBM46	0.15294606802473365
ABCB5	0.11438410566992074
HRASLS5	0.756525606979393
RFESD	0.2900694838764444
IL1RAP	0.02705117460866835
NDOR1	0.05625994489162578
PRSS3	0.13940793044127386
SEMA3B	0.904894906410855
VAV2	-1.0
RXFP1	0.8441896628060868
DYNC1I2	0.6186745447682656
RAPGEF4	0.9609899968081348
HHAT	0.09839146415257372
TRAPPC13	0.30587839782210224
STX3	0.10605028870316124
SLC25A25	0.43005180323111114
SLC11A2	0.4840378415556281
PDE2A	0.5667340549753328
SMURF1	0.6141784627233825
TRIM7	0.48980109893130697
LPAR5	0.02788041078616532
ETS1	0.1507408866307185
RNF214	0.7690969299642264
OPRM1	0.3732446636358425
PRKAR1B	0.5295172466790674
ZFYVE21	0.62928932752302
RAD51	0.5235437413215086
RBBP5	0.15344861033319368
NCAPH2	0.4587262763973351
PPP1R1C	0.17249786759881958
P2RX4	0.44610613226449436
CYB561D1	0.004382790642395218
DUSP15	0.37073741218516143
RASSF6	0.006518075031430426
STX4	0.18407670870330817
KCNMA1	0.30991391451118744
C1orf85	0.19048322879345359
STOX1	0.3268731598264286
SLC26A1	0.84225784968551
FGR	0.2597260480418311
CTAGE5	-1.0
GEN1	0.40509512868360353
SLC8A1	0.41032134523686836
TRAF5	0.3453861420090081
FAM73A	0.6659747471857607
ANO5	0.910409950084923
SMUG1	0.9457732340947207
FRS2	0.1723172537054436
TJAP1	0.7079712653606265
ZNF239	0.39352540548542014
THRB	0.5150949608255843
MYBPC1	0.8058208981289874
FGF1	0.08766109395733579
MUTYH	0.17862954106087736
ZNF655	0.16163548999672794
KCNQ5	0.15098590545395252
CDHR5	0.46196906876311794
PALM2-AKAP2	0.8088718320313705
NFYA	0.06581796401381124
PIGF	0.018698402338504172
RNF182	0.34897789102665633
DTNB	0.6347812158280159
RGS20	0.08286567116283028
CD8A	0.03262297921330681
TNNT2	0.9808972522231869
MAP4K3	0.560929620345956
BEGAIN	0.6136127701110312
STRN3	0.8153959991550399
NPNT	0.4628152370983084
ASIC3	0.15543310836574253
ALPK1	0.5520339844339617
CD109	0.9608507477647108
ZNF695	0.46377695623605997
FOXP2	0.6142607174033816
SLC44A3	0.48242300504559277
ACY1	0.061080448045498836
SH3BP2	0.6663170291492322
PTBP3	0.3938119805164997
SH3YL1	0.716830810928651
NR4A1	0.08460095305905657
HOXC4	0.4459987853590447
RGS11	0.40788947057658964
PLEKHG5	0.19448550328699976
DIO2	0.017213406956810506
HHLA3	0.333574872763885
GPR56	0.3092496260616422
C16orf93	0.2620879787133582
GRK4	0.18400074249955845
SYBU	0.11348271857416925
LEKR1	0.5237124391727206
DDHD1	-1.0
NREP	0.23755526459761978
GSG1	0.8986247764863695
KLHL5	0.7531458606418368
ZFYVE27	0.7398014833607747
MASP1	0.9602459128506597
SLC25A45	0.5610840191060282
MAPKBP1	0.21419218840321608
HPSE	0.03946084841623687
CX3CR1	0.3672089152840292
RFC5	0.8546762234958152
CRB1	0.7068804980579758
ARFGAP1	0.10421171099654714
HYAL1	0.4115163554943444
HOPX	0.12154893640374898
AMER2	0.061062127454482695
RNF170	0.8255268391387118
KCNE1	0.3193647482090386
TPD52L2	0.020325151467120328
CLRN1	0.8705089615996819
GINS3	0.11606937403890871
ABL2	0.3080646070686619
PDLIM7	0.04702760879594503
RGS3	0.19551400227341043
DGKH	0.5244712909489485
NLRP6	0.2821572694157568
PLXNB1	0.9987914834259681
KNSTRN	0.5266354141835965
STAT4	0.9642591805160118
ZMYND8	0.6636521594205336
ETS2	0.47741526431643244
MASTL	0.3787116320855566
ARNTL2	0.3238955534863629
SLC43A3	0.495556657172997
SLC25A22	0.9353897770993139
PITX2	0.1917190008243186
SPOCK3	0.16437387815765936
EGR2	0.04785476294866975
KIF21A	0.9733300571925719
RWDD3	0.8764688271766483
P2RY2	0.24218900519441777
COL4A3BP	0.8112165192050591
E2F5	0.6282830387837621
STAT6	0.9681952584006102
ZNF195	0.7698111028602229
DYNC2H1	-1.0
PUS7L	0.5719588665583075
CHODL	0.07164468299468219
PDIK1L	0.6139138838003926
CACNA1D	-1.0
PACRG	0.995014080453806
PGAM5	0.23007066478133542
PCDHA10	0.06788450888176545
R3HCC1L	0.6929477167399006
SEMA5B	-1.0
LSP1	0.7793687969698727
GRIK1	0.15969576257110185
SYT6	0.0015743314003198172
IQCA1	0.5738907818746782
PLAG1	0.6046688296219468
WDR35	0.08720308889539818
PAMR1	0.13867039046276997
C16orf89	0.49608956161426376
IKBKE	0.11530492524415792
KCNIP4	0.680741637457288
SPON2	0.47128510955765934
LRRN3	0.22223763866868995
PTPRO	0.9972307549035578
SOCS2	0.7071408286924757
MRPL21	0.7745727883529481
SYNJ1	0.532792427303883
PPP2R2B	0.4174799424667486
TCF7L2	0.4726747926899679
CAMKK2	0.04118014488830579
CLEC4A	0.2809610164778902
MAK	0.09592444521678489
TCF7	0.28898002731016637
ADAM22	-1.0
PRRT2	0.8634881816696294
AOAH	0.8683298974136453
SNAP91	0.6318986165118151
CENPM	0.4387700976678741
BTN2A1	0.022173979369607966
PPP3CA	0.12672255911066133
MKNK1	0.722102444002493
DYSF	-1.0
DMTN	0.37162588721756284
RBFOX1	0.8163959243772865
NFKB2	0.8068474967184576
FAM213B	0.883949630462201
FYB	0.19645351125950827
DEPDC5	-1.0
LTBP1	-1.0
CPEB1	0.9057242620765741
NDUFC1	0.6112152196851618
MARK3	0.4588676893709289
AURKA	0.7643660791264626
RPP14	0.6599283321255345
KLRC1	0.14746313641095932
HCK	0.6542504141957987
FAM189B	0.965418435626131
CCDC77	0.7012675413606981
MAP7	0.5853238545264183
SCN4B	0.1347831706055298
TMPRSS13	0.3520060812587573
ETV7	0.787107199395718
GRIA1	0.48779006703108485
C1QTNF7	0.5131863607320489
PCDH15	-1.0
SH2D3C	0.06950646770606406
PRKACB	0.3551954175054106
EOMES	0.0349415292806079
PSEN2	-1.0
LRRC39	0.49774723569866774
ANAPC10	0.24578036966499828
CREM	0.18746587432028128
SLC26A6	0.6561235405228147
BIN1	0.7329510943079498
CACNA2D2	-1.0
CGREF1	0.96565760950982
ZFP62	0.41356769751202904
IP6K2	0.851563305543021
STK36	0.2802943258285079
MMD2	0.8956626315664288
MS4A4A	0.993713643188826
PTPRF	0.7890485340938288
TTC8	0.07802017545521311
ZNF501	0.09022288478999352
DHRS4L2	0.820960003123558
TP53I11	0.46288959260494644
MINA	0.18825028668957655
P4HA1	0.49235638269825543
ENTPD1	0.8553146728284382
NDRG4	0.6057417255140978
RABL2B	0.5393586485910591
GFRA1	0.1318059164247236
ZKSCAN3	0.4270220211172331
INPP4A	0.44733167203935065
PTPRU	0.9349598301364136
DNM1L	0.3084386308836534
EIF1AD	0.03524522708115452
MECR	0.4440898679633839
KIAA0101	0.9053212576908087
MMP19	0.5841963292978634
MGRN1	0.15084569170230244
ESR2	0.4625100161552025
C11orf70	0.6614898558584963
EHF	0.8171658862017892
ZNF189	0.16627719665239726
PTPN18	0.7923062828828344
ALOX5	0.6578890146412328
NPHP1	0.4108034806800025
IKZF1	0.6928329358425814
VAMP1	0.6374641776372791
ZNF596	0.2160945730084799
STIM1	0.4854556353830195
ZNF707	0.012158377820500554
ITSN2	-1.0
ZNF138	0.41108900509112156
OGG1	0.3354916635233104
CDCA7L	0.04271177935485315
SMOX	0.4841036242705399
CFC1	0.03056156218319983
LIPA	-1.0
GNG4	0.13479319090542186
TPM1	0.0704720724260346
SIN3A	0.008177334524006818
NT5C1B	0.4990737947915408
MANEAL	0.33893006690770855
EIF4G1	0.822430000069503
ANGPT2	0.41999592066245794
PTPRK	-1.0
DNM3	0.45623927341632786
C7orf10	0.6020422361245157
FAM13C	0.782325539178554
KCNAB2	0.5545770484224801
POLE2	0.1289811690266277
ZNF322	0.5049837454528104
APOBEC3H	0.18002960495389808
ABCC10	0.3373708880091658
ABAT	0.2223365248483482
SLC30A6	0.5019946513947234
CCDC169	0.49365766806447164
B4GALT3	0.3723219738544983
TMEM194A	0.4128835118375639
EWSR1	0.7769174269992138
RAB27A	0.12085013432535885
RALGAPA1	-1.0
TMTC4	0.6942885265881463
BMPR1B	0.13016264247691445
TMEM254	0.010148688446849019
PLAC8	0.6880236017188883
HES4	0.3003502175648718
PARD3B	0.5468203823127258
KCNJ15	0.047917452791420456
SGK196	0.7807462421413349
APOL3	0.8566499205334759
KLRD1	0.16108731761229267
MARCH1	0.24699405774380478
CENPL_duplicate	0.10318322432296279
ZNRF3_duplicate	0.1997195885345231
HFE2_duplicate	0.6500634650074999
C2orf88_duplicate	0.3436410096353214
FAM109A_duplicate	0.03918147883702505
CACNA1E_duplicate	-1.0
RASAL1_duplicate	0.969548323859892
ANO2_duplicate	0.12048405397096984
GRHL3_duplicate	0.4380882285023726
DHRS9_duplicate	0.9284894946794449
MST1R_duplicate	0.0
ZNF619_duplicate	0.2519617375647334
ATRIP_duplicate	0.36694001801645304
ADAMTS13_duplicate	0.05634193813341537
RNF212_duplicate	0.9160361834895276
CLEC18A_duplicate	0.24189076884334937
PDYN_duplicate	0.2897723852557408
IL7_duplicate	0.30883265913701674
LRRC4C_duplicate	0.4695355113415052
RACGAP1_duplicate	0.575557661660271
ZNF107_duplicate	0.02573961125685298
CACNA1H_duplicate	-1.0
IL21R_duplicate	0.43927162821648114
GPR1_duplicate	0.5169298374994208
OTOF_duplicate	-1.0
ENOX1_duplicate	-1.0
KIF17_duplicate	0.06189805734748255
PTPN20A_duplicate	0.5753564542612264
SLC37A2_duplicate	0.34394159599385477
IL1RN_duplicate	0.3250072884465802
BFSP1_duplicate	0.047296752825073174
SEMA4F_duplicate	0.2160767250970549
FAM111B_duplicate	0.3377435082770497
NAT1_duplicate	0.7842812338671568
CPNE7_duplicate	-1.0
PYCARD_duplicate	0.04662991113642323
RGPD6_duplicate	0.74328833449845
ADAMDEC1_duplicate	-1.0
LRRC17_duplicate	0.45551478240137644
PPARG_duplicate	0.8512310847740693
IP6K3_duplicate	0.4220272829745234
XRCC3_duplicate	0.3793372319509578
ITPRIPL1_duplicate	0.34944039413808325
HEATR4_duplicate	0.01506617534668786
PRR5L_duplicate	0.41656962332355363
CHRM2_duplicate	0.5486085451685347
GABRA4_duplicate	0.006913454107913886
TSSK4_duplicate	0.03431990544729768
PDZK1_duplicate	0.9681502006361828
EYA4_duplicate	0.23420224965081138
CEP152_duplicate	0.624791555866204
PAX7_duplicate	0.29614401281482805
LY6K_duplicate	0.37831333679193113
RNF32_duplicate	0.9162065697734292
RHOH_duplicate	0.7519186835010214
CSMD3_duplicate	-1.0
KIF23_duplicate	0.06495865447631832
SLC30A8_duplicate	0.11981997902295971
ZNF2_duplicate	0.20482574616530447
C3orf55_duplicate	0.830246802371847
PTGER3_duplicate	0.06327588272622708
CCNA1_duplicate	0.17880031027978505
SLC16A7_duplicate	0.720635640602642
FAS_duplicate	0.4204159713017722
TP73_duplicate	0.4791527229301322
ACVR1C_duplicate	0.06493536133302302
VDR_duplicate	0.07411809994880814
NR5A2_duplicate	0.5177717458662965
CYP2C8_duplicate	0.7597007818822351
TNIP3_duplicate	0.09216481082820682
TRIM33_duplicate	-1.0
ZNF334_duplicate	0.7422355695940426
RGPD5_duplicate	0.04817719836404122
ARHGEF38_duplicate	0.7349160731854534
FAM19A1_duplicate	0.6601184240046041
SGK2_duplicate	0.530355829454595
RPH3A_duplicate	0.2738827334360783
GPBAR1_duplicate	0.5183730723569058
CEP55_duplicate	0.8080123168297593
MAPK8IP3_duplicate	0.8140443844524021
GPR68_duplicate	0.42708546191552477
LIMK1_duplicate	0.08561067960546653
GNRH2_duplicate	0.05897023206818541
CACNA1B_duplicate	-1.0
C4orf19_duplicate	0.45320642793607424
SMN2_duplicate	0.043223449328168684
NSL1_duplicate	0.4075450070721689
NRG2_duplicate	0.12237875493615458
EPC1_duplicate	0.9418433905245881
INPP5D_duplicate	0.5719664756249073
PKD2L1_duplicate	0.09336245822488942
PTCH2_duplicate	0.9204227355748356
EDN1_duplicate	0.6484726730681952
NOXO1_duplicate	0.6160063609261175
FOXM1_duplicate	0.9014948559247229
CCDC41_duplicate	0.17828382215208094
GRIK2_duplicate	0.910166853049897
CD53_duplicate	0.2971793422951323
KCNK10_duplicate	0.8852668339828856
SLC34A3_duplicate	0.6623154411023734
AMER3_duplicate	0.3993937617538036
ADCYAP1R1_duplicate	0.2654429986236311
PIWIL2_duplicate	0.979971672929421
ILDR1_duplicate	0.6943423975008798
SLC6A12_duplicate	0.4037775980905325
PHKG1_duplicate	0.33031632935401767
EXO1_duplicate	0.8335978596425773
FAM178B_duplicate	0.21815922333102922
KCNT1_duplicate	0.7528395941226194
TRPC7_duplicate	0.40757382058285263
ZNF300_duplicate	0.8617294992136997
PRAME_duplicate	0.0294248893079867
DPP10_duplicate	0.6838581983351261
CYP26A1_duplicate	0.43867743644732615
A1CF_duplicate	0.751111731511469
BACE2_duplicate	0.22174910124977476
ABCC11_duplicate	0.9863154804583414
RHCE_duplicate	0.15378749336167563
ESR1_duplicate	0.0071875622015122875
DTYMK_duplicate	0.2044612805085564
GPR35_duplicate	0.4679783148248565
C11orf45_duplicate	0.7305787703639461
POP1_duplicate	0.5689967977143177
PIDD_duplicate	0.27382067532636367
TGFB1I1_duplicate	0.6413154605329383
RIMS4_duplicate	0.1369764540378755
BACH2_duplicate	0.949692195817661
BCL2L14_duplicate	0.15864336969500026
KLHDC4_duplicate	0.9469790663737779
IGFALS_duplicate	0.110074576524547
CAPN9_duplicate	0.7169351778443713
PRRT4_duplicate	0.644116336769368
SERINC2_duplicate	0.14875779369965092
HSF4_duplicate	0.18547884706750717
AGTR1_duplicate	0.41167057217021574
CCDC36_duplicate	0.034772649423082
DENND2C_duplicate	0.7826369114577104
WDHD1_duplicate	0.46328149149225406
TRAF1_duplicate	0.6171071982562559
SLC2A9_duplicate	0.8356587661279768
GCNT1_duplicate	0.32635643475170495
MYBPHL_duplicate	0.05670972322240864
C9orf47_duplicate	0.42929516304205406
NT5C1B-RDH14_duplicate	0.310342961798145
FBXO24_duplicate	0.17172771723936286
IFI27_duplicate	0.3346671281947873
UPK3B_duplicate	0.5098765401605732
DMBX1_duplicate	0.9303849012214696
TRIM46_duplicate	0.6104262720441025
PDE1B_duplicate	1.0
ITGAL_duplicate	0.8858420935698907
CCR9_duplicate	0.6684489593984224
RBM24_duplicate	0.9161217534217277
SNX10_duplicate	0.3773996680307127
SSUH2_duplicate	0.270860123237627
NEK11_duplicate	0.7226551694890713
KREMEN2_duplicate	0.006128865249088289
RCCD1_duplicate	0.0743130063376014
RANBP3L_duplicate	0.09537116098245135
FAM173B_duplicate	0.145211543490531
BAZ1A_duplicate	0.9999999999999999
HMGCS2_duplicate	0.39826403743989325
C15orf48_duplicate	0.005592057907696013
PTPN20B_duplicate	0.8572513064377931
GCK_duplicate	0.3634948089582639
NAIP_duplicate	0.6034915110837449
XRCC4_duplicate	0.7076242521704608
ABCA12_duplicate	-1.0
LRRC36_duplicate	0.24816520792955044
CCDC74A_duplicate	0.31474594021361946
C9orf116_duplicate	0.4220413653879571
COL9A1_duplicate	-1.0
RPGRIP1L_duplicate	0.5772150972436864
RAD51AP1_duplicate	0.30968234516781745
RORC_duplicate	0.7629670692306291
CCDC7_duplicate	0.5037075643782664
DERL3_duplicate	0.04066639124938798
LGR6_duplicate	1.0
PROM2_duplicate	0.5195927410981063
PLSCR2_duplicate	0.5901651987256046
THBS3_duplicate	0.738110303679778
GYPE_duplicate	0.2646277100683019
LRRC29_duplicate	0.13682364558012028
CIDEC_duplicate	0.7678031841281328
C1QTNF9B-AS1_duplicate	0.8700335154781099
KCNK2_duplicate	0.14615555506260836
DGKG_duplicate	0.35496949382244736
MB_duplicate	0.7638889816464014
TRABD2A_duplicate	0.350174092123139
LHX6_duplicate	0.7345492755823413
RFX4_duplicate	0.28649074739398706

