ELMO2	0.08586727233974123
BANK1	0.6119341225110122
NAT10	0.2585264196879027
NUDT1	0.015707405167529886
PCDHA13	0.7212815768164869
C11orf88	0.9294656537634627
HDAC7	0.03850000774776441
CD82	0.7347712329937683
PDZD3	0.8083424120668852
EMC8	0.7230305087841813
TFR2	0.28992980250125644
UPF3A	0.5092004604677525
IGSF11	0.9523379829894939
GFI1	0.38444907488827884
AKIRIN1	0.9579425974663286
TRIM45	0.21974183165956374
CENPL	0.13880206054465083
SLC35A1	0.459407971282743
PIGT	0.6210066499398119
PPP1R17	0.43715991849454994
ARHGAP8	0.20457908535879132
GRAMD1C	0.9755149736405437
HNRNPH1	0.16082410689844162
SLC23A1	0.8997898974764796
FOXN3	0.35954438859213256
MFGE8	0.15691316799477273
ALOX5AP	0.8733225142827865
MCOLN3	0.3141540211631356
MASP2	0.17660044611368875
ZNRF3	0.7987263166396822
LOC100289187	0.9060208356801477
KCNG3	0.2884305478349726
RTCA	0.5195190235748173
BRDT	0.9984352502318525
CCT3	0.21641434250918967
MED21	0.1716416261316951
CAPSL	0.6700450684856765
PLG	0.5722514203926445
ASB14	0.08314688590986141
SH2D4B	0.3023055410541542
HFE2	0.8588724162854703
TBC1D15	0.7123157597729644
MGAT3	0.5411911015808413
NDUFA12	0.9986910639250792
PCDHGB3	0.7910256501918971
SNRPB2	0.952565555992606
UPF2	0.8881156109531697
C2orf88	0.5404513479349766
UGT8	0.4216573311889049
RHOBTB1	0.37262530527310733
GPHN	0.46203899752685995
C1QC	0.09330351956443139
CLGN	0.6068752708044864
FAM109A	0.21062746724320702
CCDC12	0.17944217666961193
DEPDC7	0.4027769048329405
SLX1B	0.3624729687768191
PRL	0.5958800406827836
MOB3C	0.06756206806024301
EML1	0.8069356718312868
CACNA1E	0.5575677473588132
SKP1	0.4551382903790294
PI4KA	0.8368748575724261
RASAL1	0.4118351249721375
IPO8	0.8624853787657567
TNFSF15	0.03277649524870163
CXCR2	0.21597641421975633
FANCD2OS	0.6742234517201482
UFD1L	0.9865740287938308
KHK	0.5089072464082738
CCDC81	0.22553401492327385
CDH17	0.28996006106484673
ACCS	0.8695123099450462
ANO2	0.4845815662651072
PCDHA9	0.19495859166551233
RSPO4	0.8750075729656188
TCTN1	0.9885099551501823
AMPD1	0.4722176880265241
GRHL3	0.577096184352243
ADAMTSL2	0.956104357364482
CINP	0.05919812715394002
PPT1	0.8273879444704277
GLYCTK	0.6515481677191459
LEMD3	0.004498590208245834
CNOT10	0.030281828456966142
EGR3	0.5853110483650916
ZNF267	0.1698518920861004
ACTN2	0.1813514919549608
DHRS9	0.39584599953119026
MVB12B	0.9852942036780526
CA7	0.20393704564249726
TMEM67	0.25628954375340274
SKA3	0.2698105295192572
MST1R	0.5620319657691428
PTPN1	0.5728594235723659
ERCC6-PGBD3	0.3265698195490375
AGAP8	0.04084327721497427
ZNF619	0.16489317982656115
LGMN	0.6511443660368303
NUBPL	0.07003934109782661
DSCAM	0.46494742729411564
ZBTB1	0.010995239856549155
PLEKHN1	0.5641586660288637
FGA	0.985756924718803
PNPLA5	0.805502764292262
FIGNL1	0.8459120833381792
SECISBP2L	0.8450293375815313
CORO1A	0.6410930929353428
RRM2	0.7802141581769645
C15orf57	0.09074613226770334
ATRIP	0.3950059170868131
PAQR5	0.7126498337399801
ISM2	0.5327274175133276
PLEKHG6	0.8872270189389618
PKMYT1	0.9872224921643065
SLC26A9	0.00729711694333568
NOS3	0.5328698436231478
NOMO2	0.4828528399235069
C12orf79	0.10725804720429111
WDR76	0.5633359136624906
C1orf226	0.6881656798998292
ADAMTS13	0.3191128182846562
ZMYND12	0.592013733866265
IL33	0.74693942028985
RNF212	0.994029828674801
CLEC18A	0.1860447371662921
PGBD2	0.8748129463246423
KCNMB2	0.3275108508663005
DIS3L	0.856848649883751
DDR2	0.9962228831075957
ALS2CR12	0.6979464279764374
TEPP	0.6460866784929209
TM4SF19	0.5922260963542992
PDHB	0.37610170545155774
CDKN3	0.5556414033245463
CDH4	0.09916431411992865
DHX36	0.03331403816248957
PDYN	0.034580959760636576
PKD2L2	0.28267061380381686
IL7	0.4552097504464534
ATP2B1	0.8119718630753247
UGT3A2	0.04798482598067688
ZNHIT6	0.56407634340645
RAB2A	0.610712981408948
HPSE2	0.9350187611354273
B3GAT1	0.9375488155171289
ALDH2	0.762050156986509
POLE3	0.7520750582663933
LRRC4C	0.7449728278042277
SLC36A3	0.7449303724215356
RACGAP1	0.2802239803652071
TDRD5	0.08529183940309937
EBPL	0.60563126551385
LIF	0.3659692038395612
RHOBTB2	0.05279765860564234
IFI16	0.8690625452139293
LAMB3	0.3321468750381452
ZNF107	0.13882514238069377
ALDH6A1	0.9757503867734533
CACNA1H	0.9451662932668611
CAV3	0.3012469063528571
PARK7	0.962254133502631
SENP8	0.023463711929319953
HYPK	0.07599375213486015
ENTPD2	0.47304213947567786
IL21R	0.7150449764388195
MEIOB	0.7391167563250796
TEX10	0.6828596725193878
GPR1	0.4089059154650454
RAPSN	0.8196764532395513
OTOF	0.09799351688167302
CTU2	0.22992448495286122
SPATC1	0.6139782754252864
FHL5	0.7404582343485739
ARPC1A	0.503170000906541
TNFRSF8	0.7582562536567624
WDR38	0.7064363599512415
GPR18	0.25069673059156283
TTC27	0.2001524675077908
NUF2	0.4834758420473969
BNIPL	0.35630870729665387
POLR2M	0.6721282695326245
UCHL3	0.24207281256642965
SLA2	0.9481341798655005
RPLP0	0.453880118337904
RBM34	0.9893962667728641
MTFR2	0.5900822110310642
IGF2BP2	0.9586278707614785
CCR6	0.3677618155712171
ACOT13	0.8926908066270511
PCDHGB7	0.6012121702262504
NGEF	0.6291488576528004
USP46	0.5424532271260627
BLVRA	0.2273971609304002
ENOX1	0.004994674992182535
KIF17	0.15093837307017188
PTPN20A	0.012901881354097422
SLC37A2	0.11471500407680035
GCOM1	0.1908222029567218
LINGO2	0.7525783075786973
CCNT1	0.0764538295777446
ACVR1	0.6269391051164674
CALN1	0.7412521016297449
KRT18	0.5530018343351861
MYOZ3	0.1269381220184218
IL1RN	0.9835931846338275
FABP6	0.053603371372368036
BFSP1	0.2982930033370318
LPPR1	0.032000681596059954
SEZ6L	0.009617015989238586
SPAG1	0.7877945715226726
ERVMER34-1	0.4290799969439467
ZNF746	0.9198151062289673
APH1B	0.47740894032647563
SEMA4F	0.7166914731351739
C12orf56	0.430672177902525
LDB1	0.32219856169455985
FAM111B	0.8182862908128679
NAT1	0.24846233003395923
TMC7	0.7065834387841265
CPNE7	0.747951489291647
PYCARD	0.983033647461823
RGPD6	0.10056530958612009
LETMD1	0.2645754663118288
AGPAT9	0.8482196842727133
NFE2	0.15499267158028796
NUP210L	0.11575360487235276
GNAI2	0.495945244619338
PSMA3	0.6571470734178955
SAMD12	0.5066742158949823
ADAMDEC1	0.8950299218198792
MRPL24	0.7958555973537451
GREB1	0.4210914607451379
LRRC17	0.9959908523319
ELF3	0.49546202562386576
AGPAT3	0.7688716399065804
PLCB3	0.47690512784149053
SWT1	0.8388063702039557
CDC25C	0.9181703045691594
PPARG	0.6434045971728197
IRF6	0.40724311047878814
MYBL2	0.18252809209370568
RPSA	0.9692444169362153
IL17RE	0.35103118951471246
IP6K3	0.4601908775306126
MCM3	0.3422457463866322
CSK	0.5480367847133791
TUFT1	0.9008709013124656
XRCC3	0.8475649028649617
ITPRIPL1	0.9580983298776895
NR6A1	0.7026815391039485
HEATR4	0.7197933168089857
PCDHGA9	0.6223055888737664
LCTL	0.6807208856787452
SLC5A9	0.9804229135694552
ARFGAP2	0.7332009231174434
FAM118A	0.11645354948835351
PMFBP1	0.3853658995396234
FKBP1B	0.20444878716957793
DIS3	0.5528752827327797
IQCB1	0.006376236579152095
DUOX1	0.316345726210968
IKZF2	0.10535525234008125
CD244	0.5035190622008039
MYO1A	0.022300817074232815
JKAMP	0.34840822066355837
NPC1L1	0.050615830922623783
WDR25	0.8429669808868142
SLC1A4	0.8582149414394372
CKAP2	0.46507659623362063
COL2A1	0.39212926884507304
EPHX1	0.14943604228794138
CALCRL	0.8277095784829791
SCARB2	0.10081508845153941
PRR5L	0.4719991244873095
TAS1R1	0.8083341189658595
PCDH8	0.9841053305021706
PARL	0.680035054229334
TMEM231	0.41848879606205336
CHRM2	0.8394852841162351
GABRA4	0.25244280664054164
WDR67	0.5930920762745822
TSSK4	0.1895047596993491
ACTG2	0.783234131096738
WISP3	0.9818751926268502
PDS5A	3.98356202341299E-5
BTBD7	0.9118488417552062
PDZK1	0.5897471752854473
SLC34A2	0.5259666584030496
EYA4	0.8598581951323426
DLGAP2	0.11185965546418264
CEP152	0.49502341961740703
FREM1	0.6043838094542249
TTK	7.181836012252196E-4
MARVELD2	0.5519792795699698
ZNF683	0.17239886040352592
MAD2L2	0.3717495284504907
ASB2	0.9169380523057591
DNAJC19	0.42251979673902096
PAX7	0.7249718489955852
CYP11A1	0.7677804145437959
CNGB1	0.9576355890502103
CHORDC1	0.8087733357835164
SLC12A8	0.2839334543158639
LY6K	0.32479506366800415
TP53AIP1	0.05299585508722571
C9orf43	0.9389826363319966
PTPN22	0.745546077353744
CYP2D6	0.8826768431421245
WDR89	0.9397506962259654
RNF32	0.5025951995817115
CORO2A	0.9234881316280259
BANF2	0.8461322096749673
COPS4	0.2142341582577343
RHOH	8.403204528217856E-6
LDHAL6A	0.39909386246877343
TM6SF1	0.4221387308563964
PLCXD2	0.001146962219906289
OSR2	0.8869711463951245
AHNAK	0.23496293493004416
SPINK5	0.6916859511565454
RTEL1	0.5369549742455646
CCT4	0.1566376700895682
UPP2	0.9958065318078906
CYP19A1	0.9888100096911818
NPFFR2	0.8408675444599583
HRH2	0.01085666593101986
SVIL	0.18859671414958434
PHB2	0.22238693926469988
ERMAP	0.014500178971542765
GRIP1	0.3991733886483947
FAM160B1	0.9921069178009602
MPC2	0.7932822747024174
CSMD3	0.9956185851530671
PCDHGA10	0.41871625968301307
SDHD	0.6725725214281806
DAGLB	0.6504383096904572
BCL7A	0.6916700443334337
IL18	0.7176164725950172
PARD6A	0.6158380202963183
SPDYA	0.9996232334273952
SLC23A3	0.3922793817411675
APOBEC3F	0.46599488793951205
MATN4	0.009226940007832751
PKP2	0.5008023907435954
NCOA6	0.9195329076575465
WNT16	0.9219545139735107
PES1	0.3256041163162574
KIF23	0.5655038240283328
ASPN	0.6913652957096856
ANKRD65	0.9394141677176872
GCSAM	0.2816042860598592
PARVG	0.6061852046030338
FAM3C	0.7512699355393809
EIF2AK2	0.6398521553782827
SLC39A4	0.7312363087476244
TLR10	0.8624010112626158
SLC30A8	0.6663919825186821
CDON	0.7886864362158519
BIVM	0.004483974475206098
BCR	0.36293751349161596
IQCJ-SCHIP1	0.33815859044225616
TMEM251	0.5494003320885407
RPL3	0.21308797232447407
CD247	0.5802514817679614
LRP12	0.5289477689532407
ABHD10	0.8802713009414126
SOHLH1	0.22664001464850703
SLC22A12	9.225941691237693E-5
HDAC10	0.8841910689306314
CENPK	0.6577642956237021
TMEM135	0.006186513324182963
SLC27A2	0.5317771885202758
ZNF2	0.9005749918419711
FAM47E	0.6302476667584482
NXPE3	0.5593766941345932
PYCR2	0.10762734836233334
STMN2	0.4978516235127505
C3orf55	0.9213621264286229
C20orf96	0.40677469114434006
HORMAD1	0.7951186976165114
GEMIN5	0.05773020355768621
ISCA2	0.5590726118288432
PTGER3	0.5627674910252839
ACTN3	0.5101158430195297
CCNA1	0.17546585382685254
RYK	0.3365115925432347
RAB42	0.3103250588890042
PKD1	0.6231952830196228
CIB2	0.9364416261314529
TBX5	0.9796667762281026
RHD	0.10612805676405956
SLC16A7	0.40525357861547096
DPH3	0.9330343424925286
FAS	0.0881397830361671
FAM133B	0.9221656777686758
C1QTNF5	0.6081623610590703
PRKCD	0.511749583431001
TP73	0.7237573389478875
MYO16	0.3554007287579425
LRRC31	0.8362135484779185
GRSF1	0.4392787514259957
PRH2	0.785500182286746
P2RX6	0.3937346348973646
SHPRH	0.7896137274714365
ACVR1C	0.25954864885097684
PCDHAC2	0.9438749250542112
LRRC15	0.7968375361951177
PARP2	0.47143595343349076
NDFIP2	0.275802124074925
GREM1	0.6381721940388676
PRR4	0.5339540475044664
BUB1	0.796489597077759
SIGMAR1	0.5864803044158721
ADCY10	0.6373489306056226
PTPN7	0.643028289197461
SNX7	0.5222277252063827
PMF1-BGLAP	0.38323500922848386
CXCR5	0.19422384881572174
VDR	0.5313297899332772
GLYATL1	0.6348002983417077
OSTC	0.5844069008399295
CMTM2	0.6976414030872462
ERP29	0.42350056933633995
STX1A	0.28490263346574596
INPP4B	0.04558083573293781
GMPPB	0.3467413193030867
KCNJ4	0.523050791965262
MND1	0.6984025573088823
AGPAT2	0.8071978009505829
SLC12A1	0.7476111790291085
THAP7	0.16541405384718
CAMK2A	0.44658832451204533
NKD2	0.505643137769526
NR5A2	0.4010459603677332
IRX2	0.009360730803344541
SETDB2	0.5515968943948715
TNFRSF10B	0.25310467686628424
TMED7-TICAM2	0.8776457110061375
SIRT3	0.9854524368562952
CYP2C8	0.14289789308918177
FBXO4	0.8465143246788764
PRELID1	0.3075393702011402
CLEC16A	7.756823110716127E-6
PLB1	0.5036716761969249
FCRLA	0.5381360311172091
DERL1	0.46092568788580546
PYGM	0.42153783034517334
WNT5B	0.08319697118957325
FTCD	0.5018392040760475
DLX1	0.7835433129052554
C4orf26	0.7814018289386492
TRAF3IP1	0.9565126554889357
CMTM7	0.58174348998389
MLC1	0.39362266670732216
TNIP3	0.5729995383978208
NSMCE4A	0.065525366406191
TRIM33	0.3017697657751959
HTR7	0.8120058976187855
PNLDC1	0.4385008473156047
ZNF334	0.8267535385776144
MRGPRF	0.16554161916912424
SLC38A4	0.810699999181882
RGPD5	0.9335115820231334
VTCN1	0.9379639485889876
APOBEC3B	0.40192851413992814
ARHGEF38	0.9456799485079307
SPG11	0.5908937192062559
SYTL1	0.6767467457765272
VAMP4	0.4527507897703691
BCAP29	0.07308958701477142
SCN3A	0.7752014854192704
C14orf178	0.7676886351078402
FANCA	0.03986012023223151
SEC13	0.8885736985952811
HAGH	0.9222235610194114
AGO2	0.9370020436303103
FAM19A1	0.9041300482869234
FSHR	0.8112384433288999
SGK2	0.1734711749678337
LUZP2	0.0756987976092317
FAM53A	0.7566257913072405
LMX1A	0.3986991513192888
TPST2	0.9130784575974583
MAVS	0.2646873694402627
BEND4	0.5826775585528043
RPH3A	0.15414706773548437
P2RY14	0.5845693061191408
EMCN	0.7387236321710061
CRABP2	0.7397509384039602
UROC1	0.41257293057348354
GDNF	0.9320187690246718
GSTM1	0.7307512606076048
RBM14	0.03712282834234215
GPBAR1	0.04009131681356071
ACSBG1	0.19095119573260833
PRG2	0.601582541810531
PSMG1	0.9998776794506302
CEP55	0.5047242347739226
TUSC3	0.25138678561584027
TSPO2	0.8782553575885924
MCHR2	0.019361086545572337
PDE7A	0.06358237727955651
MFAP2	0.38344139728630167
SAA1	0.5457169459149378
SHOC2	0.7706013177485982
SLC25A36	0.1334042228816239
TDRD6	0.21637563719531627
CC2D2B	0.469012219220337
TIPRL	0.20119205903004145
GRM7	0.8009584541242784
ALG5	0.31506975447072283
MAPK8IP3	0.46687120419864947
HAX1	0.6682968024567251
GPR68	0.938675394441461
LIMK1	0.603163616497463
EPHA10	0.4038599523122415
TCN2	0.2714850303274291
APRT	0.9570244617745436
ITIH4	0.9129194150644038
YPEL3	0.35723765495171267
ART5	0.03741018602835633
ARTN	0.7688755422010745
GNRH2	0.5319756712202368
SLC5A11	0.20132835398358528
C12orf42	0.6995976298537465
ARHGAP11A	0.8065621422964196
AFF1	0.5806582931365354
TRIM22	0.25490324447066337
PTPN11	0.21621448277175037
DDX47	0.06118109569086372
IQCH	0.33831402712286207
REST	0.5601305618323639
CACNA1B	0.5005518376556236
TRIM55	0.9655532373432916
GJB3	0.6877064704479784
C4orf48	0.8755966016020292
C4orf19	0.6185864890836139
CFHR4	0.33040922370249104
SMN2	0.6692288595667002
CTBP1	0.8372650545086836
LGSN	0.9577012952060068
NSL1	0.6231408114624035
PNPLA1	0.018758498057133477
CDH26	0.4109370236952111
NRG2	0.7297061868161241
ANO7	0.5800726101575744
EPC1	0.550382995692352
SRP9	0.8777633710912021
HMGA2	4.146372967683831E-4
LAMP5	0.8923727363090211
NSUN2	0.09896334920469119
GZMH	0.006942098865534985
CLDN15	0.805182833509589
ITGB1BP1	0.4147748374468563
LEFTY2	0.1938723460800359
PLK2	0.7960250649122536
METTL9	0.9097938740608364
ADM2	0.6609925094140069
MRPL39	0.4154868099378337
CASC5	0.1641057026734536
ZKSCAN5	0.518115403473502
CAGE1	0.8223565781635476
EEF1E1	0.895142960974359
TPK1	0.11173214043079138
KIAA1549	0.6899208771129307
CHRND	0.04345217131657175
LTF	0.21366539318298672
TPO	0.4986578925554076
SMOC1	0.33831372992667497
INPP5D	0.8782031810137275
NUP54	0.6478681625896254
RNF40	0.9108713650567931
GXYLT1	0.7131455215673332
PPFIA1	0.8951151808476326
HIVEP3	0.19194776404896907
PKD2L1	0.6401802930288863
ADH6	0.9911349761675344
C2orf83	0.3201415867475723
TXN	0.8544327015939468
HOXC6	0.06776986715918132
GAB1	0.71284898730065
LRRC14	0.29370625349644264
CYP24A1	0.4216510520471428
CACNA1I	0.8234050579480618
PTCH2	0.5335580031059475
DHRS2	0.38638672747404657
EDN1	1.0
NOXO1	0.9602630881575511
BBS12	0.2476242184682168
SHROOM1	0.5338763217646645
DUSP4	0.8986173675586091
FOXM1	0.12674417856034936
CCDC41	0.10691316480007917
FBXO11	0.4334940270371056
SYT13	0.8773252180901369
ORC1	0.5338795092973314
IL24	0.9115216779820507
GRIK2	0.5540113129422473
GNRHR	0.7546534177338584
HTR3A	0.8082118457372132
SLX1A	0.16086226080174626
PEX16	0.9576544876505858
CD53	0.14200169858313583
PCCB	0.9977455139379618
SLC39A5	0.9134546174103906
GORAB	0.30010250620908585
PSMD5	0.7801236764782141
RSU1	0.05332449041714338
DLEC1	0.5803050449771219
KCNK10	0.0950676214521623
OTOA	0.24382580092817174
AHRR	0.820758165205688
ZAN	0.9872190802873334
SLC34A3	0.5210864294896013
TMEM189	0.3310044765614899
BICD1	0.14221618071076636
HERC6	0.1736774973640287
ELF1	0.0840386791944614
CDKN2B	0.11096166947144015
MME	0.185313497713124
WDR26	0.5726539921043762
AMER3	0.11093627715612986
ADCYAP1R1	0.7583134352727061
CR1	0.9586384133774858
MRPL22	0.8187051005404506
TCTN3	0.139699997307429
NDE1	0.9943319039873822
DGCR8	0.07037991984557557
GSR	0.8664228318964851
SP7	0.13102051186092056
TCHP	0.33002157377886043
KRT80	0.5686446562016725
ETV3	0.20011496031652465
PAK7	0.29940934653977147
THUMPD3	0.3533678026410323
NKX3-1	0.958072622197836
LGALS3	0.1569943911064049
LRRC49	0.7958796354833788
VIMP	0.4792677112063418
AKAP3	0.08042676705382923
SP140	0.7256613230697486
VIP	0.3723669805154123
PIWIL2	0.33524808196902467
ZBBX	0.9249657092679355
ILDR1	0.8823990726904416
GAS2	0.3873372661627398
HEY1	0.8617779945126836
FCRL5	0.5498283716729964
TSPEAR	0.09624051042726689
TSLP	0.9318884526216993
BCL7B	0.6438319336158116
SLC39A10	0.1282509709500318
C9orf69	0.16399366832375617
SLC6A12	0.05988171383563967
PHKG1	0.1553369516842955
ERMN	0.6808111475093579
SIM2	0.88562892456277
EXO1	0.4768522605341923
ADCY4	0.5629323988224002
FAM178B	0.22141663900814157
GPR63	0.9619287443851339
CD200R1	0.4129488422937909
KDELR2	0.7504708442630589
IGFBP3	0.5969633406331531
DEK	0.06507959919546191
SPRED2	1.2469677967907877E-4
GBP5	0.49186296145241715
SYNM	0.3313435317607053
DDX56	0.01640366972054974
LY96	0.03707877494076173
TMEM206	0.736196688824038
ACTR3	0.643232179482593
FAM115C	0.624790172645314
C16orf92	0.8643355507603275
KCNT1	0.9746761581804774
NOS1	0.8865636697058662
RERG	0.3509290944040723
C1orf101	0.7088979852102196
CHMP5	0.0032532413218242517
ATG4B	0.6515802049034787
TRPC7	0.048724859423768585
ISPD	0.8663401590496926
OTX1	0.1716491759816966
PTGFR	0.1274284322630337
PCDHA11	0.055487039653772
ARPC5	0.07605741339134853
EMID1	0.01117110130523713
DPM3	0.5347890670107902
TH	0.44239036119893915
MFSD2A	0.5855798667095464
DPEP3	0.9448268610230883
PDC	0.7600552087939384
CENPA	0.24670357776448393
TMED5	0.6194351467610348
GABRA2	0.007114341709305805
ANG	0.20194315831621867
TPRA1	0.517413480838685
CCRL2	0.8241446208475597
PRDX3	0.5573485713948255
MOV10	0.1667234823286825
OCIAD2	0.7235983080304579
PTPRN2	0.9174218501502711
CLDN5	0.9654805771801538
C8orf47	0.14752724676962092
ADAM33	0.14972307581972943
HIBCH	0.0952586753556951
GTF2A1L	0.4261610079477811
NPEPL1	0.895502669395377
TP53INP1	0.7770049139876098
ZNF300	0.8113712417563788
DDX6	0.9514787107546534
VPS28	0.19537510660984037
SHISA9	0.8145323268895988
EIF3L	0.878991608799581
ANAPC5	0.9892991074647275
PCDH9	0.9640797888831208
PSMD1	0.5952710577181425
MSLN	8.620676654453874E-4
PPP1R16B	0.5144583398180339
ADAD2	0.7593125992856868
CANX	0.719873299189508
ST13	0.38944616428345447
DTWD1	0.8550370031678034
PRSS36	0.8246014829216503
MFNG	0.42633914893025593
PRAME	0.2170747112407948
HIP1	0.03576807100974322
RAET1E	0.6464660023498361
DOK7	0.5302513614137213
PTH1R	0.05562467252186176
C1orf116	0.9301664377335422
RSPH9	0.7483807055166369
USP44	0.14126349157110352
DPP10	0.9882938740008245
SSTR5	0.891961717374024
PCDHGB1	0.7446808834338476
WASF2	0.8704834789476226
CYP26A1	0.34922091459928273
HOXA1	0.20545298256758737
LRRN2	0.3150238821048852
BET1L	0.006060843182220221
CSF3R	0.4838989580516202
A1CF	0.10838799343154337
CDKL3	0.9822948320910734
RIN2	0.23713534548668436
SERF1A	0.584790017128031
BACE2	0.9780925275449761
NGDN	0.14321322063330355
ABCC11	0.7614967925789458
NIPAL4	0.822336577053014
OSBPL10	0.3605221994734469
RRAD	0.8183537029231214
CCDC113	0.6083518287299496
TDRD10	0.18775100668577172
POC1A	0.7038766764965549
GNRH1	0.5401589021859099
DSE	0.45426908747788386
RHCE	0.3373672203730651
ESR1	0.004668884749893687
FGFR4	0.9373410860021614
BCL11B	0.09631912598678904
CHIT1	0.9899696851941288
HABP2	0.6233500724097394
AJAP1	0.7649130645394044
MTUS2	0.1847015232258682
ERAP2	0.4432635078683861
PPIL3	0.2793140634384239
TMEM70	0.9128572098359443
PLAT	0.7293908510473897
DTYMK	0.2118756867710918
GPR35	0.9922173251981469
C11orf45	0.3515160592778115
GPR113	0.7702157689059844
PCDHGA8	0.40585026905597954
MCMDC2	0.14655268419616463
TST	0.07079831072889708
POP1	0.6633015623853349
IFNLR1	0.6005981503352588
SRC	0.8299100850713925
SETD9	0.960463039876826
NFS1	0.2157523539140771
DPEP1	0.0880694731285907
TMEM87A	0.9320396064453325
PIDD	0.8356096596029926
BUD13	0.13823895706986267
BAG4	0.14093537745019347
PNPLA7	0.030667495165364045
SNX15	0.5792644963764608
TGFB1I1	0.7063657444236467
RIMS4	0.2023829414834073
LTK	0.015728018265168897
HSDL2	0.699730689952832
GSTM2	0.8510187961724113
BACH2	0.7157459950269904
AGO3	0.38345435399568994
BCL2L14	0.37447663842692747
SCN3B	0.067448867566825
ACTR3C	0.19073696324186962
CDYL	0.7967637006211744
PRCP	0.4623977382041997
MRPS35	0.8830210781629417
BTLA	0.9512886488992197
SPTLC1	0.9407066925674762
KLHDC4	0.7271260390509476
BCAN	0.7395134445704228
GRM8	0.9667348545811227
VPS26A	0.22219069862589835
CRLS1	0.46234861015541673
PROK2	0.7236943366183547
NEURL2	0.49318667765342783
PCDHA4	0.15411899306108312
XIRP1	0.9179844393762804
MRPS11	0.6646967520939173
IGFALS	0.6140979349472302
CAPN9	0.16620367530675995
PRRT4	0.9856398900979552
CPB2	0.527541285204213
PIM1	-1.0
SERINC2	0.4585171879598602
SGSM1	0.946344718676408
ADH7	0.9062756363008254
APOA5	0.21363273782818626
CHST4	0.709319114029704
B4GALT2	0.5229622973444685
HSF4	0.9602317636781219
TULP4	0.836088395038033
AGTR1	0.5747701384543807
FAM166B	0.23874340786174109
JPH4	0.2622541928718697
PTPRT	0.34691514565380743
CD3D	0.978776432411224
TFRC	0.9486057656275431
LHPP	0.533093817066896
TXNDC16	0.5183060787336727
NDUFC2	0.6244657086585681
ACYP1	0.21308864142500783
BRD9	0.17557251742722257
CCDC36	0.04308588461223328
TCP11	2.6924489109569905E-5
ASPM	0.8431199430789684
DENND2C	0.11293360029282518
KCNJ1	0.8566289282229465
PRG4	0.008732420873440505
PLCB1	0.18531272582398461
CHRNA1	0.8668001710337061
GUCY1A2	0.6810034159174386
SNAP23	0.018579290332194076
DLK2	0.2614241186721714
HES6	0.20997391098634433
C9orf84	0.7425730988014129
TBC1D10C	0.2947436720673542
NEU4	0.12024576527673125
HADH	0.25777025562794886
CD19	0.5077402897413913
C9orf131	0.058856328373523614
WDHD1	0.02903724666405172
TRAF1	0.8184288724420664
NR1H4	0.2624079205442791
SMN1	0.6590699857752764
BACH1	0.7384982532276667
EDARADD	0.11226889461142486
SPINK6	0.29559088661757316
SARDH	0.2874209813036378
LY6E	0.4579734902843551
ATP12A	0.9834352688866975
HEMGN	0.1465553799744972
CAPN10	0.09055194665857158
CCR5	0.17062251394694372
SCN8A	0.5661938784251406
ACD	0.29113384393052877
HEPACAM2	0.09186099191295016
SAA2	0.8842730158462688
C1orf94	0.3906153298364352
SLC2A9	0.7041802812255418
ECI1	0.7031963012371097
KDM3A	0.021455488745729334
CISH	0.04586634912913201
CLDN18	0.7043760321061867
GCNT1	0.983666345468864
SLC52A2	0.8076068747038316
MYBPHL	0.055192841562319184
C9orf47	0.10394317304399692
CDHR2	0.7630056136068143
NHLRC3	0.6409104635117332
TOP1MT	0.12726699830690325
RNF185	0.32685867598733676
RUNX3	0.472625396159132
ACSM3	0.05919727464978042
TRPM6	0.048495232701957436
NT5C1B-RDH14	0.8123606870450992
ENTPD8	0.0445881110133991
SYT12	0.943666976542849
FBXO24	0.0850738992888399
CEP120	0.6792821981030537
SRP72	0.8182330130208806
MTX1	0.39396579925665176
KDM2A	0.08629571734414365
PILRA	0.05374245303924596
RPUSD3	0.7939130216199862
EPGN	0.0014363510012039837
TSN	0.5400047488451366
NRF1	0.09076854449891958
IFI27	0.15964299183111352
CARD9	0.03973648838102206
JPH2	0.2943500046197103
DLST	0.8600184244305261
UPK3B	0.8923959846680374
ELAVL2	0.07428082233481248
THPO	0.001022789133030222
LAMTOR3	0.9880305703682394
VAX1	0.14974288944880632
NRAP	0.9970167038312506
MCM10	0.6077781126481722
PCDHGA5	0.8425218304893567
VPRBP	0.4525399273787246
DMBX1	0.9233082635501155
C22orf23	0.9975627260833144
MAPK8IP2	0.05029251337391938
PCDHGA4	0.4632347213160285
MKKS	0.8622003265934258
RHBG	0.9922216993013635
DEPDC1	0.01730090091784231
KCNH1	0.2557200001893547
SLC12A3	0.9316088695236583
RFPL3	0.8802452321151502
IRX4	0.6100414284413654
UQCR10	0.9965235055678877
TREM2	0.10331757502924799
STK31	0.9096246671563671
CCDC17	0.9899180858164311
CHRFAM7A	0.9648629899611205
BTBD11	0.9933011600792905
WDR27	0.793620996991252
KIAA0922	0.4455553994281125
CDK2	0.10556641515960241
PGPEP1L	0.11521728383079866
ISLR2	0.4258830250886724
GABRA5	0.6897132692974657
AJUBA	0.9801207396219815
PTPMT1	0.7464860035846577
COL26A1	0.343643667846961
PROX2	0.033922743292792434
TRIM46	0.9897159706776604
POMC	0.14677387752862547
HMGCS1	0.6063404944232309
CPT1A	0.4150060431549992
PDE1B	0.9143780720259751
COMMD6	0.8240540627450659
WRB	0.3118542600827726
FLT4	0.9872274003597393
BAAT	0.8544282768909295
ITGAL	0.4993344588695757
CHRNA7	0.9438858663172731
METTL1	0.7921306006733666
CDC25A	0.32700588727140134
C1orf106	0.5507519930185404
MDFIC	0.5923577614127012
DEPDC1B	0.18162751627499785
NLRC4	0.07799256210780536
CCR9	0.6150291254432947
RALY	0.9438860281378336
RBM24	0.13955856471925165
RNF17	0.393834467454956
PKLR	0.9442777908851674
NIPSNAP1	0.31774938830445254
ZNF670	0.23666875734592552
FAM24B	0.952469412372836
MYOT	0.9719866265056646
HAL	0.6665011518718402
BAG1	-1.0
RET	0.08662597492480684
SNX10	0.658905836813825
LSMEM1	0.5320424636989949
ZBTB16	0.9893458120075772
PDGFB	0.7103980490540637
GABRB2	0.6096219877965524
ADAMTS14	0.2569987148364652
SSUH2	0.41611768012368067
EDEM2	0.5909730759182655
PCDHGA12	0.9797774871377818
PLK4	0.2375965482697071
DARC	0.182985932591603
CRISP3	0.7308203044033047
TRIP13	0.07944135363689586
FBXL2	0.8028533356866722
IVD	0.382605374641218
ZP3	0.01693817584772439
ISY1	0.37671780007570954
XPR1	0.4434737247489239
NEK11	0.8815270051610472
CREB3L2	0.19779508801691148
GTPBP8	0.8708770833955523
KREMEN2	0.9488593872406027
PRPF4	0.4122684669896588
MS4A1	0.18010842278635908
RCCD1	0.45839920000843026
LY75-CD302	0.7654687932881058
RANBP3L	0.2742439981191527
IGSF10	0.00427963539982068
FRMD1	0.2848036345046131
C8B	0.10733178526593223
TUBA8	0.7558814236053825
STIL	0.1973526205024967
FFAR4	0.9787880396394928
FAM173B	0.5730175742727504
IL1R2	0.8126867622642776
PPME1	0.5044776466607193
DAZL	0.3661872969450931
CYP2C18	0.4873638111956572
SLC4A9	0.1842257607257214
GRM5	0.01932738546580237
WDR72	0.27660849035888446
STRBP	0.31342484676684934
FANCI	0.8404192838995033
RAD54L	0.059395360850061585
ABCB4	0.92461285066534
RELA	0.5356592494620891
XBP1	0.006201542343302835
EFCAB6	0.9899104240431932
TDGF1	0.15640422115313246
BAZ1A	0.8614105147442027
IYD	0.38623747923575436
HMGCLL1	0.36128956632009757
NKAIN2	0.7214192338182374
UBA5	0.4898500772493357
PCDHA1	0.10945107193059644
GBA3	0.254504499048287
ENC1	0.11646967706136402
GPR156	0.12206664856106997
YIPF5	0.7355097588655033
AKR1C3	0.5799923944185614
NR1I2	0.3103694470395385
SLC9B1	0.5587703883867277
CTHRC1	0.6577190637466367
RELN	0.8643636190496125
SH2D5	0.4077315833958224
CYP3A4	0.25748752672753183
RBL1	0.07677324572454303
PPIL6	0.7147439358071019
DDT	0.5897853494539407
HMGCS2	0.5475920158204541
C15orf48	0.2175563152069675
SYCP3	0.19749441537318102
ENDOU	0.7590498431634431
PTPN20B	0.9715599131810054
LAX1	0.10660865772876149
PCDHAC1	0.9455475355966039
IRX5	0.7768926916806248
PAPSS2	1.0
CARNS1	0.9012089614643246
FOXA2	0.5673423286240757
FAM98B	0.11149526827534195
GPD1	0.8635170437746097
GCK	0.2866620860815826
C3orf52	0.4840280361302718
PCDHGA1	0.9629571783456496
ASAH2	0.5213731306788609
C11orf68	0.3648836390989413
CDH24	0.4331881336855712
PHACTR1	0.8978112145999402
PCDHGC5	0.5776738044623879
MEGF10	0.788597352850477
CDHR1	0.1613979946014772
NAIP	0.3291112735209708
XRCC4	0.2611841604421119
TAC3	0.23631949181683654
LRR1	0.2627762131143887
WNT5A	0.9764407959617281
PPP1R32	0.6361426636162533
CALB2	0.9493379156571753
SCARF2	0.18759116205561188
ABCA12	0.5816525521460958
POLD4	0.8709900133190143
LRRC36	0.23522999088113228
CCDC74A	0.30465204592271744
C9orf116	0.20870828743445913
COL9A1	0.5490056357534607
PSMD9	0.4878036599510187
PARP15	0.6373300402005727
GFPT1	0.3985378416433082
CGNL1	0.006107550583396071
ACTR3B	0.4018998345989031
TFAM	0.7437123969180288
DDX31	0.5252875838089798
RPGRIP1L	0.6840042821383474
CTLA4	0.14634578259332498
TTC39A	0.458482049847337
PLA2G2D	0.40075218840686766
PDLIM4	0.05550398074042051
SLC2A6	0.03790808464329409
IL4	0.28939189787860375
NOX5	0.8937751707522145
COL6A5	0.1341781553102075
SNRK	0.42958434510660815
FBP1	0.942308705474053
JMJD4	0.4796357961774811
DLGAP5	0.7694634439434596
RAD51AP1	0.7422635832520548
IFT27	0.11003578810676662
RORC	0.32963892773856107
ECT2L	0.008886724855336148
HTR2A	0.5890395629562033
CCDC7	0.037107854843069776
SIVA1	0.7899242416057212
SERPINA10	0.7159733654728457
AP1AR	0.09572670369214975
TMPRSS11A	0.2534174819401709
DERL3	0.22177821292861188
RYR3	0.7922585777789171
PLAU	0.9827357065417885
SLC28A3	0.4766042970734663
LGR6	0.9537686369318736
SQRDL	0.4165682779601698
FBXL6	0.24682687100574885
PROM2	0.8596252710431249
SLC23A2	0.27302114262014543
CRYM	0.3739655727396768
SYT2	0.6729725055609872
ANXA13	0.31138007977411497
NDUFC2-KCTD14	0.19165611701779983
SRI	0.7451554451702254
PLSCR2	0.9860700084444116
THBS3	0.8608950863137558
EFNA4	0.034012755835695185
PCGF6	0.4611098545287554
CTSV	0.2735473398586975
GYPE	0.3000961270946553
AKR1C2	0.4413569410495515
LRRC29	0.9510960715935225
LTB4R2	0.4185447399080858
GM2A	0.15046725672779804
OLAH	0.40721972894105385
CIDEC	0.15205646169035525
WDR78	0.9775671152349973
CCNYL1	0.06565981879900928
SCEL	0.02910032127557205
CTNNA3	0.17094207684357066
ALDH3B2	0.3669331627986724
M6PR	0.25882625540950244
TMPRSS2	0.9907855012607256
ATP6V0A4	0.2764215388928333
SAP30L	0.9961436265663447
C1QTNF9B-AS1	0.5789474125862673
KCNK2	0.9881380375863013
CLEC3A	0.5732315678070556
DGKG	0.39468403116664974
ZFP91	0.1512491613296847
MB	0.08137310510727502
DMBT1	0.8807545545225298
NELL1	0.5218548657202884
C2orf54	0.8606627845742678
MCM9	0.39291609185968357
ALDH8A1	0.7908377427132125
TRABD2A	0.6816416072855909
SPDEF	0.7710763334015882
TRIM54	0.5478074727777624
LHX6	0.9355238508815522
PCDHA3	0.8223592006363059
KCNRG	0.4514042278261171
ITIH1	0.9393917348207588
ATP6V1C2	0.6435095486875073
CR2	0.23520308580311855
ALS2CL	0.0965421142835241
ART3	0.7699402197480865
CCDC121	0.983857458508836
SGOL2	0.693135484674256
RFX4	0.9614838868546908
CLUAP1	0.6069259615672424
PTK6	0.10882997929587745
DCTN5	0.8583087367549577
XIRP2	0.03850029369425201
LHX9	0.8858542882753013
C2orf74	0.5600636745471861
FAM49B	0.21659340064974597
CNST	0.1446182733275838

