ELMO2	0.6940173966960114
BANK1	0.006099072335908895
NAT10	0.42551055766870305
NUDT1	0.0496468752998539
PCDHA13	0.7733920524022064
C11orf88	0.6319834793959036
HDAC7	0.8651827646605016
CD82	0.41273335052367277
PDZD3	0.1263622919362829
EMC8	0.941613210017309
TFR2	0.5153166796341477
UPF3A	0.997816531799249
IGSF11	0.7073458339342246
GFI1	0.8374173202653317
AKIRIN1	0.7700785803132038
TRIM45	0.3324488256586453
CENPL	0.5780850190164115
SLC35A1	0.862765601081186
PIGT	0.689578508274082
PPP1R17	0.5869747446755189
ARHGAP8	0.7151744854553137
GRAMD1C	0.1766377240038225
HNRNPH1	0.6487090841164225
SLC23A1	0.5371845076946906
FOXN3	0.2644629465803663
MFGE8	0.033723748865219894
ALOX5AP	0.6006332872180207
MCOLN3	0.3708551713884267
MASP2	0.11239125615372814
ZNRF3	0.5128882913007616
LOC100289187	0.8975085019496903
KCNG3	0.4394169048159381
RTCA	0.0061984383508597585
BRDT	0.9841919039242785
CCT3	0.3611261150220899
MED21	0.6200235242101171
CAPSL	0.6269599359157034
PLG	1.0
ASB14	0.30188407944061246
SH2D4B	0.6504230126697554
HFE2	0.8766389429189045
TBC1D15	0.8323980477637165
MGAT3	0.2266236351178038
NDUFA12	0.9635519058554112
PCDHGB3	0.8755080302017185
SNRPB2	0.4614259163692984
UPF2	0.5565676016131074
C2orf88	0.23719028426703703
UGT8	0.6330995698274811
RHOBTB1	0.7584577142207948
GPHN	0.04836370983091154
C1QC	0.19766964703071943
CLGN	0.8156854724323327
FAM109A	0.7045880079035316
CCDC12	0.42689637610485853
DEPDC7	0.9283994741832204
SLX1B	0.1763737177632102
PRL	0.9322324021822477
MOB3C	0.23463664046675137
EML1	0.9327116618748664
CACNA1E	-1.0
SKP1	0.37841681229621216
PI4KA	-1.0
RASAL1	-1.0
IPO8	-1.0
TNFSF15	0.21697216268988728
CXCR2	0.6873289424000295
FANCD2OS	0.11892707593427476
UFD1L	-1.0
KHK	0.6108892611489527
CCDC81	0.5677314016402465
CDH17	0.5526532886241502
ACCS	0.8797356564541308
ANO2	0.4120379451906717
PCDHA9	0.7423795728231635
RSPO4	0.1605606872164267
TCTN1	0.6868836716870836
AMPD1	0.8255452217129267
GRHL3	0.8233481857626863
ADAMTSL2	0.6474113171872163
CINP	0.06879161235345099
PPT1	0.41869744997639735
GLYCTK	0.8437020840433639
LEMD3	0.42570260401784754
CNOT10	0.6612796270033481
EGR3	0.07245400299286486
ZNF267	0.26409996212396103
ACTN2	0.5074941885202637
DHRS9	0.6733606115474651
MVB12B	0.30530423616073354
CA7	0.8944897974147932
TMEM67	-1.0
SKA3	0.9722323280820501
MST1R	0.8622450773639867
PTPN1	0.7823376109526028
ERCC6-PGBD3	0.8491380217647387
AGAP8	0.31881042822181827
ZNF619	0.33857393944399883
LGMN	0.7131203835371939
NUBPL	0.28466800950939564
DSCAM	0.8539019309877645
ZBTB1	0.15763891161685362
PLEKHN1	0.8033581991989204
FGA	0.8313434735241714
PNPLA5	0.6009345352680797
FIGNL1	0.28748914543515425
SECISBP2L	0.6767837986298975
CORO1A	0.7818724922673057
RRM2	-1.0
C15orf57	0.876669028206846
ATRIP	0.1119461837122323
PAQR5	0.013729019368955986
ISM2	0.7887850919999065
PLEKHG6	0.9844010358485377
PKMYT1	0.6466043498896612
SLC26A9	1.0
NOS3	0.17186328366282222
NOMO2	0.8948407865744602
C12orf79	0.22377047743637735
WDR76	0.7620584283191189
C1orf226	0.8149974474324575
ADAMTS13	1.0
ZMYND12	0.6387234167097033
IL33	9.29491048670017E-4
RNF212	0.5194536167751495
CLEC18A	0.12663552347777218
PGBD2	0.37078964339603004
KCNMB2	0.9597122315743595
DIS3L	0.914782695620871
DDR2	0.5777171950644356
ALS2CR12	0.7019736187082862
TEPP	0.707152951016703
TM4SF19	0.6632008809049124
PDHB	0.6298107501535093
CDKN3	0.7090509670726639
CDH4	0.7010840685472413
DHX36	0.47860483427481004
PDYN	0.6701554587862393
PKD2L2	0.8147749898535731
IL7	0.16626532632105873
ATP2B1	0.14528890462667976
UGT3A2	0.6123251191428856
ZNHIT6	0.6951721524895782
RAB2A	0.9317543425864523
HPSE2	0.5018223669955357
B3GAT1	0.18363593608125095
ALDH2	0.19340009475018194
POLE3	0.8690560445344768
LRRC4C	0.11161574530071317
SLC36A3	0.41164157928410106
RACGAP1	0.17468832261576295
TDRD5	0.154829744182731
EBPL	0.026212429600254272
LIF	0.7489262205816205
RHOBTB2	0.5325404933056015
IFI16	0.10642659351410133
LAMB3	0.7163611979244853
ZNF107	0.5801529052327976
ALDH6A1	0.96612699081127
CACNA1H	0.17618278001695975
CAV3	0.4144858249306048
PARK7	0.44122802473825273
SENP8	0.4436641057891436
HYPK	0.05671040479706624
ENTPD2	0.15004050175060257
IL21R	0.8552577123878071
MEIOB	0.7306368929975484
TEX10	0.06934302044667773
GPR1	0.3039232554363991
RAPSN	0.20641042379596553
OTOF	-1.0
CTU2	0.3369790645747839
SPATC1	0.2774251773097417
FHL5	0.1243182139094694
ARPC1A	0.12492264340950543
TNFRSF8	0.31810449071901503
WDR38	0.462707901036856
GPR18	0.4731167757302688
TTC27	0.13288122259042634
NUF2	0.2735933909438
BNIPL	0.02834567372531227
POLR2M	0.3638933008710973
UCHL3	0.04890108855745823
SLA2	0.7037304524611143
RPLP0	0.2131720673734414
RBM34	0.4871637326793484
MTFR2	0.5847755924509155
IGF2BP2	0.8286645151155538
CCR6	0.1916854412829152
ACOT13	0.1535005474145319
PCDHGB7	0.5360930041156626
NGEF	0.25918616642459313
USP46	0.26552610834534707
BLVRA	0.8770585930093119
ENOX1	0.4493975218684749
KIF17	0.22502140219637357
PTPN20A	0.7983943212625975
SLC37A2	0.21301854655885277
GCOM1	0.3645662301876351
LINGO2	0.9284947088518921
CCNT1	0.08211723694848971
ACVR1	0.912172695994149
CALN1	0.5657947763628024
KRT18	0.5320470088682855
MYOZ3	0.024151876149204998
IL1RN	0.13003388872406385
FABP6	0.15014428636607124
BFSP1	0.4106311443226214
LPPR1	0.3524497630529365
SEZ6L	-1.0
SPAG1	0.9411009061014568
ERVMER34-1	0.2516324023858132
ZNF746	0.8656579379571809
APH1B	0.9146734500863294
SEMA4F	0.48380244993708676
C12orf56	4.551914400963142E-15
LDB1	0.7938806809760763
FAM111B	0.33354316918138194
NAT1	0.44608928928687097
TMC7	0.8381669065567265
CPNE7	-1.0
PYCARD	0.293160066809133
RGPD6	0.5064544299043541
LETMD1	0.05257212675654843
AGPAT9	0.5055855584406939
NFE2	0.7342885382414945
NUP210L	-1.0
GNAI2	0.6166461209139429
PSMA3	0.43148148924483753
SAMD12	0.4947879125895208
ADAMDEC1	0.7095428674844007
MRPL24	0.5472912775586073
GREB1	-1.0
LRRC17	0.7913571062178957
ELF3	0.21038797887997318
AGPAT3	0.6988324450823755
PLCB3	-1.0
SWT1	0.8958580880783231
CDC25C	0.12383316658861343
PPARG	0.19496011158760174
IRF6	0.7163897175348444
MYBL2	0.17240604255187142
RPSA	0.38524376581297004
IL17RE	0.3281002464250058
IP6K3	0.5076053610822238
MCM3	0.17514978601773945
CSK	0.2734124853175015
TUFT1	0.0047261205677952
XRCC3	0.7678789834751459
ITPRIPL1	0.37719406383867127
NR6A1	0.693614828298508
HEATR4	0.5971306932547422
PCDHGA9	0.6261717939998763
LCTL	0.738832575927552
SLC5A9	0.877049201507596
ARFGAP2	0.6573794262231982
FAM118A	0.21930637498874472
PMFBP1	0.7897543719860067
FKBP1B	0.7891094427644687
DIS3	0.7209420743895458
IQCB1	0.7209139522226735
DUOX1	0.9712838409453591
IKZF2	0.08986716450965537
CD244	0.4733181359220945
MYO1A	0.9254082275687607
JKAMP	0.46671310784089615
NPC1L1	0.0809252555262715
WDR25	0.5249165982733341
SLC1A4	0.265236666838645
CKAP2	0.35526242588259094
COL2A1	-1.0
EPHX1	0.8445583990483843
CALCRL	0.894831053823879
SCARB2	0.02066336775981248
PRR5L	0.5533842343382205
TAS1R1	0.6371974952134976
PCDH8	0.9875091846730297
PARL	0.18798523246632537
TMEM231	0.468138284404901
CHRM2	0.13926602846067293
GABRA4	0.8032834743365234
WDR67	0.8488708154944098
TSSK4	0.20788752323103576
ACTG2	0.16343515459764257
WISP3	0.04587776574237645
PDS5A	0.34681852473608477
BTBD7	0.5273245941665978
PDZK1	0.6983076724297959
SLC34A2	0.958400415707629
EYA4	0.9817632352919734
DLGAP2	0.5227600174112501
CEP152	0.5878742059505085
FREM1	-1.0
TTK	0.34770747908419364
MARVELD2	0.9594726377285087
ZNF683	0.4959558874813573
MAD2L2	0.7835077733559814
ASB2	0.5753892484422578
DNAJC19	0.6677034360045816
PAX7	0.6708361624941428
CYP11A1	0.4951175082456063
CNGB1	-1.0
CHORDC1	0.11004885763192873
SLC12A8	0.5875210779232396
LY6K	0.717702905862273
TP53AIP1	0.005260996182551603
C9orf43	-1.0
PTPN22	0.8016087653960898
CYP2D6	0.2098227363339461
WDR89	0.4290309472188054
RNF32	0.6442447972479118
CORO2A	0.7403895876971485
BANF2	0.5694807589104807
COPS4	0.9773219960523627
RHOH	0.05509091564856583
LDHAL6A	0.5825025826753205
TM6SF1	0.839483338034626
PLCXD2	0.05784142620137922
OSR2	0.28089787997242055
AHNAK	0.5653948973891454
SPINK5	-1.0
RTEL1	0.8391119160412349
CCT4	0.3916718420716525
UPP2	0.6321415613594394
CYP19A1	0.8267921142138716
NPFFR2	0.5209915821360618
HRH2	0.24600572088389017
SVIL	-1.0
PHB2	0.3171950714701105
ERMAP	-1.0
GRIP1	-1.0
FAM160B1	0.8548097267354182
MPC2	0.4775761298722536
CSMD3	-1.0
PCDHGA10	0.41010972250079714
SDHD	0.2926858101125497
DAGLB	0.25826702406454105
BCL7A	0.5081963101914284
IL18	0.4235171716068664
PARD6A	0.7392291059594704
SPDYA	0.4880059885809288
SLC23A3	0.35890007660622225
APOBEC3F	0.8231754793475926
MATN4	0.4885184207453247
PKP2	0.7982974388525381
NCOA6	0.30125261246291135
WNT16	0.29728778214448115
PES1	0.928938160007997
KIF23	0.626251245569541
ASPN	0.5139309804534002
ANKRD65	0.5417725114233786
GCSAM	0.6124538057164872
PARVG	0.8953661843229489
FAM3C	0.30538837528772733
EIF2AK2	0.7677673498635187
SLC39A4	0.6940605703820573
TLR10	0.3444991908546696
SLC30A8	0.3694172471115468
CDON	0.5913495521574064
BIVM	0.6922571861406461
BCR	0.5701827658722063
IQCJ-SCHIP1	0.44379975041231323
TMEM251	0.5052105218208787
RPL3	0.30836421004730563
CD247	0.9536295364915598
LRP12	0.8943081659574197
ABHD10	0.8523697168740565
SOHLH1	0.0841062578120011
SLC22A12	0.14003654357225992
HDAC10	0.8251165425831476
CENPK	0.8410568682735475
TMEM135	0.1937613115273661
SLC27A2	0.5075530201408411
ZNF2	0.52019682879597
FAM47E	0.7386891223779842
NXPE3	0.3243854756523501
PYCR2	0.08721872699393574
STMN2	0.05462831624397646
C3orf55	0.7285867126717953
C20orf96	0.015056306094083705
HORMAD1	0.3864396437875718
GEMIN5	0.10873732418937843
ISCA2	0.8689725975530883
PTGER3	0.09669079015205062
ACTN3	0.8651561767135254
CCNA1	0.09459454126893707
RYK	0.7785904390458739
RAB42	0.8847850873488198
PKD1	-1.0
CIB2	0.4929804668035278
TBX5	0.654153407636668
RHD	0.053545965910180016
SLC16A7	0.7915033962236551
DPH3	0.9710216628763546
FAS	0.011095229628397707
FAM133B	0.06628241775602495
C1QTNF5	0.546936353934764
PRKCD	0.9954903333530526
TP73	0.28850178319248987
MYO16	0.04719327714323851
LRRC31	0.5627057521501182
GRSF1	0.8900183359840663
PRH2	0.3108662794335244
P2RX6	0.46578311918342197
SHPRH	0.7771768598090381
ACVR1C	0.2673226664415651
PCDHAC2	0.6469779897354497
LRRC15	0.906260469329531
PARP2	0.18111127563554485
NDFIP2	0.396731341372319
GREM1	0.8000608430068115
PRR4	0.1284911956811552
BUB1	0.06885196420337603
SIGMAR1	0.9743628074921005
ADCY10	0.5667825550151004
PTPN7	0.5951715964718063
SNX7	0.9660317700053637
PMF1-BGLAP	0.22132528622578196
CXCR5	0.7173960660270907
VDR	0.03678132963430736
GLYATL1	0.9781624360340534
OSTC	0.3281015273377579
CMTM2	0.6072454608735613
ERP29	0.7786678307709243
STX1A	0.39611038055911296
INPP4B	0.20094861215570126
GMPPB	0.5728150785837746
KCNJ4	0.3053061221382498
MND1	0.2011829459112624
AGPAT2	0.7747260501572513
SLC12A1	0.8995251304443307
THAP7	0.251987959421917
CAMK2A	-1.0
NKD2	0.8003734359507184
NR5A2	0.18309035491354253
IRX2	0.17021032964406846
SETDB2	0.7735156158090462
TNFRSF10B	0.22976747294545774
TMED7-TICAM2	0.5888303876261751
SIRT3	0.222000555772919
CYP2C8	0.9937875599866979
FBXO4	0.5511026103561867
PRELID1	0.8509002240020168
CLEC16A	0.40457067747492925
PLB1	-1.0
FCRLA	0.6141817130194547
DERL1	0.8218726925348596
PYGM	0.5864492664644436
WNT5B	0.02441068653127698
FTCD	0.9058355397202567
DLX1	0.8126823035806781
C4orf26	0.3719960107995308
TRAF3IP1	0.7795889384676996
CMTM7	0.9540738962818394
MLC1	0.08793059101453449
TNIP3	0.24105399528524085
NSMCE4A	0.8340574008487627
TRIM33	0.24656889673559723
HTR7	0.567824101077884
PNLDC1	0.9167931882574996
ZNF334	0.2052368512629763
MRGPRF	0.33888374782547925
SLC38A4	0.894905217542501
RGPD5	0.6133371819393831
VTCN1	0.3816342607872303
APOBEC3B	0.6687076805736883
ARHGEF38	0.5153137455580361
SPG11	-1.0
SYTL1	0.5467868357506671
VAMP4	0.9332054658864567
BCAP29	0.8456545055948624
SCN3A	0.6458422872964257
C14orf178	0.5942632535903849
FANCA	-1.0
SEC13	0.9683255291842294
HAGH	0.6770372900036818
AGO2	0.6015289297598041
FAM19A1	0.4007618962950843
FSHR	-1.0
SGK2	0.7214563942610029
LUZP2	1.0
FAM53A	0.6871440286524287
LMX1A	0.3146959470683932
TPST2	0.9114820725153244
MAVS	0.3829059238115553
BEND4	0.6526560323199075
RPH3A	0.10389027951332896
P2RY14	0.4539757967094953
EMCN	0.15558953075624882
CRABP2	0.9563980130382792
UROC1	0.6278043055362237
GDNF	0.6071008686118957
GSTM1	0.13883985040692548
RBM14	0.3238224672188804
GPBAR1	0.41490357385316456
ACSBG1	0.34142614116564896
PRG2	0.7251678464223883
PSMG1	0.8510635490228975
CEP55	0.06708112730402616
TUSC3	0.5425147861015305
TSPO2	0.6553783507164471
MCHR2	0.8201268477714961
PDE7A	0.7803391836858974
MFAP2	0.5922384086281185
SAA1	0.42123181168670776
SHOC2	0.14554027948154613
SLC25A36	0.8249896606359782
TDRD6	0.37930766338076627
CC2D2B	0.978422024079139
TIPRL	0.3325804460170334
GRM7	0.7417144492515955
ALG5	0.38653791083813827
MAPK8IP3	0.49468928992695416
HAX1	0.5268424374679337
GPR68	0.5150498643446977
LIMK1	0.5668318605907814
EPHA10	1.4169998507895798E-10
TCN2	0.22471408209837662
APRT	0.9485302725909012
ITIH4	0.8962911365919489
YPEL3	0.3580497293255639
ART5	0.07337612376788882
ARTN	0.09464852057301476
GNRH2	0.2559904418155571
SLC5A11	0.15097535704473697
C12orf42	0.39826034430486446
ARHGAP11A	0.8009867111645866
AFF1	0.8483509935086408
TRIM22	0.8154357592516622
PTPN11	0.9713955164430449
DDX47	1.3295671230650896E-9
IQCH	0.681012358229927
REST	0.4320809631244724
CACNA1B	-1.0
TRIM55	0.8984905675113469
GJB3	0.5890857744210172
C4orf48	0.8811624666304751
C4orf19	0.24134563978262302
CFHR4	0.9071401499197348
SMN2	0.9850062088027487
CTBP1	0.7913914531659791
LGSN	0.1384463407258033
NSL1	0.02529358932449466
PNPLA1	0.21625294944233286
CDH26	0.8864598525077023
NRG2	0.455051168258486
ANO7	0.19547380291980065
EPC1	0.4554093547674203
SRP9	0.9343716384088642
HMGA2	0.10119526364776821
LAMP5	0.29383969709234914
NSUN2	0.48606051775896375
GZMH	0.010521993255614315
CLDN15	0.9967386544970898
ITGB1BP1	0.400921546762535
LEFTY2	0.8608903113491617
PLK2	0.8544371115507784
METTL9	0.9823718931076099
ADM2	0.9611223805761804
MRPL39	0.29113587309117706
CASC5	0.4332498682757622
ZKSCAN5	0.729395285374137
CAGE1	0.6830164162989715
EEF1E1	0.47037801555527226
TPK1	0.6120129200839084
KIAA1549	-1.0
CHRND	0.3824867411833406
LTF	0.12440407443144796
TPO	0.8524569358152172
SMOC1	0.1923709694951834
INPP5D	0.5231648085886709
NUP54	0.3094984809800174
RNF40	0.67952077212008
GXYLT1	0.5141688021393092
PPFIA1	0.13840012526279588
HIVEP3	0.794589047969895
PKD2L1	0.10723113415086183
ADH6	0.874599673662318
C2orf83	0.7162197158192599
TXN	0.2643863619323408
HOXC6	0.22517452286843342
GAB1	0.2828811022988126
LRRC14	0.7294810835688463
CYP24A1	0.06810516831457136
CACNA1I	0.6711425007322362
PTCH2	0.6750590147962445
DHRS2	0.8601725118678258
EDN1	0.279078766381891
NOXO1	0.6029049668120021
BBS12	0.48332695783110624
SHROOM1	0.6528078318118963
DUSP4	0.6485933863358297
FOXM1	0.8737021495182875
CCDC41	0.8930492931833567
FBXO11	-1.0
SYT13	0.3811629151031991
ORC1	0.03824529194160353
IL24	0.8130235221403872
GRIK2	0.7097825544310459
GNRHR	0.23788063018178274
HTR3A	0.9641333087485513
SLX1A	0.45598395783184376
PEX16	0.899531978993741
CD53	0.36741440439247686
PCCB	0.9188605316900733
SLC39A5	0.16249410272240117
GORAB	0.9587182350255975
PSMD5	0.8697841682340955
RSU1	0.09724278634099526
DLEC1	0.9611860176520287
KCNK10	0.6035050357568343
OTOA	0.899454065653873
AHRR	0.3275343761617848
ZAN	-1.0
SLC34A3	0.950578851534873
TMEM189	0.021432022210964186
BICD1	0.9747866069873142
HERC6	0.5952597313907433
ELF1	0.856514780002281
CDKN2B	0.4522428840981444
MME	0.6880686439374677
WDR26	0.6459587564149254
AMER3	0.2887934001618656
ADCYAP1R1	0.5214887149034082
CR1	-1.0
MRPL22	0.09874056657608699
TCTN3	0.7076669346299058
NDE1	0.9395503857135278
DGCR8	0.12041163634287022
GSR	0.4100921341363918
SP7	0.5522993954504026
TCHP	0.5996260919072529
KRT80	0.6278757060397695
ETV3	0.825143575292619
PAK7	0.44322549964611346
THUMPD3	0.20457193250191774
NKX3-1	0.8879289230075423
LGALS3	0.556824896911992
LRRC49	0.9603533128678724
VIMP	0.21866253708175643
AKAP3	0.6055400686601122
SP140	-1.0
VIP	0.03696310404728964
PIWIL2	-1.0
ZBBX	0.9353786587223821
ILDR1	0.997205398179541
GAS2	0.3405216519550188
HEY1	0.30132663342404853
FCRL5	0.9647963182784997
TSPEAR	0.056476620362957086
TSLP	0.2999044257025961
BCL7B	0.3501615650054426
SLC39A10	0.5495215729747256
C9orf69	0.06012508875988165
SLC6A12	0.5292522106023195
PHKG1	0.5985911751650862
ERMN	0.18810366426877367
SIM2	0.6494852984045585
EXO1	0.28313073566148406
ADCY4	0.9999999989028991
FAM178B	0.63498527517163
GPR63	0.5982928132212477
CD200R1	0.8595406275246946
KDELR2	0.10658679965890405
IGFBP3	0.9311545843844219
DEK	0.0839417409246287
SPRED2	0.09319183444874213
GBP5	0.7628196352021913
SYNM	0.5396818791982214
DDX56	0.07569784318464545
LY96	0.11158707041255755
TMEM206	0.7387484726601363
ACTR3	0.5004433691153891
FAM115C	0.6960483561037435
C16orf92	0.7032312065304485
KCNT1	0.9734798285282024
NOS1	0.7138914646020758
RERG	0.8640930905254433
C1orf101	0.927107042286523
CHMP5	0.07597758670383181
ATG4B	0.2879936054943919
TRPC7	0.4313169632095206
ISPD	0.7179925795642694
OTX1	0.7745332700011365
PTGFR	0.6765411890415081
PCDHA11	0.28136098994058323
ARPC5	0.023528655313205138
EMID1	0.444095018155358
DPM3	0.5408054262971906
TH	0.03204920628625085
MFSD2A	0.9975830772126674
DPEP3	0.6004218228301368
PDC	0.681039317394303
CENPA	0.7664623977875618
TMED5	0.9560889726541639
GABRA2	0.5228837037180298
ANG	0.2361682024725663
TPRA1	0.03627664953417542
CCRL2	0.698877000880897
PRDX3	0.3868941569302593
MOV10	0.6240602355312622
OCIAD2	0.19889604991507004
PTPRN2	0.41231760783193216
CLDN5	0.7434949697537021
C8orf47	0.5809382535371421
ADAM33	0.8237148938398572
HIBCH	0.5360278798189503
GTF2A1L	0.4848685562334586
NPEPL1	0.17645194946192644
TP53INP1	0.8915662031856635
ZNF300	0.31847661665584237
DDX6	0.9775637335815119
VPS28	0.8655797725901596
SHISA9	0.2063340246056442
EIF3L	0.7820563060613812
ANAPC5	0.08268779347412802
PCDH9	0.8260904148162498
PSMD1	0.9744513777005805
MSLN	0.1937477359156491
PPP1R16B	0.3211073090238519
ADAD2	0.8950783880644905
CANX	0.22855155385068016
ST13	0.1352049874005805
DTWD1	0.9987299543378777
PRSS36	0.9825753879613813
MFNG	0.28624798078862135
PRAME	0.09282346238279626
HIP1	0.3814426421167265
RAET1E	0.42931833141019793
DOK7	0.09821106005929892
PTH1R	0.4496635921036354
C1orf116	0.021223491042965947
RSPH9	0.8647887469309326
USP44	0.3935363471139113
DPP10	0.9432539850188505
SSTR5	0.12174771082215485
PCDHGB1	0.19545079447246416
WASF2	0.9523361874990002
CYP26A1	0.33948165159007826
HOXA1	0.24457707305708387
LRRN2	0.12256811761014441
BET1L	0.10550346176917103
CSF3R	0.6089482668569406
A1CF	0.5455340561875035
CDKL3	0.22798388089519006
RIN2	0.8179594869552715
SERF1A	0.9794836562059819
BACE2	0.3779131377050965
NGDN	0.7435795296616647
ABCC11	0.9915051088620579
NIPAL4	0.7926345289097979
OSBPL10	0.8987748533923416
RRAD	0.8018648904280864
CCDC113	0.9449354230260373
TDRD10	0.36022433820140853
POC1A	0.663388309277664
GNRH1	0.3371870676450096
DSE	0.5301878933729351
RHCE	0.19156916340413965
ESR1	0.31287262055585996
FGFR4	0.2879941186787396
BCL11B	0.2888557744474751
CHIT1	0.7881933628151194
HABP2	0.542253120479731
AJAP1	0.7175443904717156
MTUS2	0.3970216290796853
ERAP2	0.7133699838301375
PPIL3	0.09861517997821845
TMEM70	0.19507348234580857
PLAT	0.11007657508823077
DTYMK	0.007767286398127293
GPR35	0.485841814029208
C11orf45	0.6449005665794152
GPR113	0.7873229883632226
PCDHGA8	0.6603221423658536
MCMDC2	0.7551283307269665
TST	0.1464949157727884
POP1	0.39396891983876536
IFNLR1	0.15453431414915553
SRC	0.9112007978956443
SETD9	0.5119506734197732
NFS1	0.014400741908837222
DPEP1	0.07731376450482308
TMEM87A	0.8285997202996931
PIDD	0.21126747201396978
BUD13	0.848588610553279
BAG4	0.5263454328127083
PNPLA7	0.639572384329293
SNX15	0.6976434294802016
TGFB1I1	0.8068449463199541
RIMS4	0.30699626500525445
LTK	0.534162845738821
HSDL2	0.39588109917022796
GSTM2	0.5684556826561888
BACH2	0.7530545982417916
AGO3	-1.0
BCL2L14	0.8579889165879683
SCN3B	0.5169849732049168
ACTR3C	0.08305137109706018
CDYL	0.8695545949890393
PRCP	0.881891564934368
MRPS35	0.23051594070862103
BTLA	0.20935683348651568
SPTLC1	0.35807334459323237
KLHDC4	0.1054617271164453
BCAN	0.5603495402639835
GRM8	0.41899554711270015
VPS26A	0.4268806866665237
CRLS1	0.8475506832120304
PROK2	0.9248835752537142
NEURL2	0.5344333485165911
PCDHA4	0.22596566953980712
XIRP1	0.2959364806039977
MRPS11	0.7743847653107035
IGFALS	0.7551562240970748
CAPN9	0.2915512481682643
PRRT4	0.893502844989452
CPB2	0.7009011428432802
PIM1	0.7250468581905014
SERINC2	0.4490220039755004
SGSM1	0.9576086784043139
ADH7	0.9820182692338301
APOA5	0.6121541950901358
CHST4	0.4299149456086133
B4GALT2	0.8969995820620911
HSF4	0.40145356734036586
TULP4	0.011101213101264662
AGTR1	0.6874490811943867
FAM166B	0.4886843212527049
JPH4	0.9121772316546933
PTPRT	0.8164247644979519
CD3D	0.8486629467991079
TFRC	0.3933392766182703
LHPP	0.5551934400230306
TXNDC16	0.44867488177287007
NDUFC2	0.6756828648779587
ACYP1	0.4667078518079891
BRD9	3.076539135722367E-4
CCDC36	0.1894534050124006
TCP11	0.2730620442049402
ASPM	0.3023473795986392
DENND2C	0.6666817036752051
KCNJ1	0.9697226801541776
PRG4	0.28469054671719896
PLCB1	0.7468323938507467
CHRNA1	0.9347084471776989
GUCY1A2	0.44792249251467176
SNAP23	0.5807042576967067
DLK2	1.0
HES6	0.623884535072232
C9orf84	0.40740794917797385
TBC1D10C	0.5666182543156693
NEU4	0.222141604584712
HADH	0.9330558325358388
CD19	0.6135856923169254
C9orf131	0.4103641963118222
WDHD1	0.5797007605113
TRAF1	0.8493992921323511
NR1H4	0.6017861237820394
SMN1	0.26351472790042574
BACH1	0.8826908639300826
EDARADD	0.7012110161445709
SPINK6	0.24025110569957508
SARDH	0.7107669030957406
LY6E	0.6801323222992697
ATP12A	0.4858089922067379
HEMGN	0.2461817957936333
CAPN10	0.22955248029026676
CCR5	0.6770954786064287
SCN8A	0.3267218394472231
ACD	0.22738644600143787
HEPACAM2	0.3031142241288518
SAA2	0.6197077702264888
C1orf94	0.5761104438571532
SLC2A9	0.046313381825836
ECI1	0.7001599540633567
KDM3A	0.31693113871053846
CISH	0.3222062052616289
CLDN18	0.9722287427950614
GCNT1	0.8705758715942091
SLC52A2	0.6623652813211593
MYBPHL	0.23971025878634122
C9orf47	0.2537473717558374
CDHR2	0.924688254057395
NHLRC3	0.7974093447766641
TOP1MT	0.7819828474331286
RNF185	0.7451702964566841
RUNX3	0.825815550503163
ACSM3	0.2420554309203926
TRPM6	-1.0
NT5C1B-RDH14	0.24150692713025257
ENTPD8	0.08678608063320215
SYT12	0.09066849659103049
FBXO24	0.21895298268049068
CEP120	0.7269338405884931
SRP72	0.8711548167313494
MTX1	0.3257619301459136
KDM2A	0.4827698222926642
PILRA	0.17263753753939992
RPUSD3	0.17960665039131385
EPGN	0.6173050196165826
TSN	0.42885001443832316
NRF1	0.47779372782224383
IFI27	0.023755257269837737
CARD9	0.27410511167783413
JPH2	0.39412577894587475
DLST	0.37844404588727176
UPK3B	0.8982858124339783
ELAVL2	0.36375566064380216
THPO	0.36040080199010616
LAMTOR3	0.375208873355213
VAX1	0.3429989885933187
NRAP	-1.0
MCM10	0.5400711228427668
PCDHGA5	0.7647398095357218
VPRBP	-1.0
DMBX1	0.5943711018508128
C22orf23	0.21783579074703896
MAPK8IP2	0.508183767764878
PCDHGA4	0.9640761614724445
MKKS	0.9153298096605181
RHBG	0.1511350259101949
DEPDC1	0.20796185204247586
KCNH1	0.7949618547861884
SLC12A3	0.1978437451264211
RFPL3	0.9706403279477996
IRX4	0.2356525660810529
UQCR10	0.15749494068545855
TREM2	0.47304662123908836
STK31	0.8539127763107615
CCDC17	0.9946917816408104
CHRFAM7A	0.5894364431869579
BTBD11	0.3454005982205244
WDR27	0.43645710629992207
KIAA0922	0.8325736239804139
CDK2	0.13030210377717144
PGPEP1L	0.06342812427890987
ISLR2	0.5742970877735308
GABRA5	0.8257634264583789
AJUBA	0.3249967155078528
PTPMT1	0.6553794045996624
COL26A1	0.20203981486844336
PROX2	0.0888285688787086
TRIM46	0.7304082328379615
POMC	0.16303878778881375
HMGCS1	0.28738687854178946
CPT1A	0.9111337922387847
PDE1B	0.14997440459877576
COMMD6	0.7944563518366077
WRB	0.09884485907302398
FLT4	0.7250237910592523
BAAT	0.2508982081584754
ITGAL	0.9566304193478932
CHRNA7	-1.0
METTL1	0.875343270961546
CDC25A	0.8536614501369763
C1orf106	0.07703790984725511
MDFIC	0.4107162798071382
DEPDC1B	0.10033506032270412
NLRC4	0.8069778620442856
CCR9	0.48360403123653617
RALY	0.00680621316289487
RBM24	0.7214334643759872
RNF17	-1.0
PKLR	0.14157817798450467
NIPSNAP1	0.3461762111708139
ZNF670	0.7737816265880476
FAM24B	0.19152277415048546
MYOT	0.8341046629837146
HAL	0.051743937305277043
BAG1	0.08004094265788542
RET	0.4675537059015571
SNX10	0.2913621054637656
LSMEM1	0.1732449561704511
ZBTB16	0.19116832140511486
PDGFB	0.8941424546177686
GABRB2	0.7848419765386639
ADAMTS14	0.12221589207277694
SSUH2	0.5655382837290842
EDEM2	0.8827790096357759
PCDHGA12	0.6597159990173957
PLK4	0.4209235070719941
DARC	0.3854459469176116
CRISP3	0.6501267681011729
TRIP13	0.16697180362827868
FBXL2	0.8372678809241886
IVD	0.7185615553093916
ZP3	0.3083524597958629
ISY1	0.9272846413357438
XPR1	0.9742101446597412
NEK11	0.9670469416733232
CREB3L2	0.9891066531655262
GTPBP8	0.4359024285540245
KREMEN2	0.8279345292583145
PRPF4	0.23446690954820681
MS4A1	0.26125402841737966
RCCD1	0.7595032939569506
LY75-CD302	0.9803052426087722
RANBP3L	0.08611927393760488
IGSF10	0.067051188798116
FRMD1	0.6166690938173974
C8B	0.041500845589903745
TUBA8	0.5552288173222388
STIL	0.14863396880920265
FFAR4	0.4868685540324341
FAM173B	0.6780016039940053
IL1R2	0.88086408136432
PPME1	0.1887008017827132
DAZL	0.544634426242113
CYP2C18	0.7632584214904238
SLC4A9	0.5998546864012313
GRM5	0.2654168950194582
WDR72	0.9884290175917778
STRBP	0.5709555687188963
FANCI	0.8765312749124603
RAD54L	0.44534525931760394
ABCB4	0.6752502525110926
RELA	0.17635495995772776
XBP1	0.37258130109267085
EFCAB6	0.9765267507931519
TDGF1	0.6380090409888441
BAZ1A	0.019045683252752132
IYD	0.24570677554580478
HMGCLL1	0.08612704040058017
NKAIN2	0.5336665279979489
UBA5	0.4462782275062893
PCDHA1	0.38784633085120046
GBA3	0.09877752580545951
ENC1	0.8756910472995831
GPR156	0.8167886286492396
YIPF5	0.9066390389856694
AKR1C3	0.3228321065839467
NR1I2	0.10525695542160052
SLC9B1	0.5346420061986923
CTHRC1	0.4349827737308214
RELN	-1.0
SH2D5	0.9322036596037697
CYP3A4	0.135640906267242
RBL1	0.9003549763298333
PPIL6	0.9085701173754646
DDT	0.42933904454447047
HMGCS2	0.6355304484432996
C15orf48	0.7840947991527194
SYCP3	0.22819991960075425
ENDOU	0.3182918892849429
PTPN20B	0.1291851471952029
LAX1	0.08152872392578503
PCDHAC1	0.9557655211162206
IRX5	0.6465187741334676
PAPSS2	0.2601007388610176
CARNS1	0.9943116121342397
FOXA2	0.5247562830595878
FAM98B	0.8558329888632932
GPD1	0.1942726109916304
GCK	0.4532355156883461
C3orf52	0.20204648184904395
PCDHGA1	0.5903936602989486
ASAH2	0.23758708338175005
C11orf68	0.46774221303994645
CDH24	0.19886551841529965
PHACTR1	0.9133027633867226
PCDHGC5	0.34530794585093927
MEGF10	0.9521410630863721
CDHR1	0.039258906100105295
NAIP	0.32817510855900955
XRCC4	0.26506045616133056
TAC3	0.4674165959919827
LRR1	0.4355943621175279
WNT5A	0.7562562491967125
PPP1R32	0.20606708496612092
CALB2	0.09787913743996124
SCARF2	0.5414703918072239
ABCA12	-1.0
POLD4	0.8527975307868862
LRRC36	0.437930125035193
CCDC74A	0.23892423226754622
C9orf116	0.16075760637511083
COL9A1	-1.0
PSMD9	0.5194053663019507
PARP15	0.39717659159932084
GFPT1	0.6514052861456228
CGNL1	0.32102202833525295
ACTR3B	0.19986566098152658
TFAM	0.8898051115010596
DDX31	0.9633442105620067
RPGRIP1L	-1.0
CTLA4	0.447272356782077
TTC39A	0.5315214539650446
PLA2G2D	0.6827255086254038
PDLIM4	0.04306961181084046
SLC2A6	0.162477258966639
IL4	0.24812514099523364
NOX5	0.021491221959640372
COL6A5	-1.0
SNRK	0.6168781250526639
FBP1	0.5704915514532418
JMJD4	0.5120944062531818
DLGAP5	0.8772583768993732
RAD51AP1	-1.0
IFT27	0.5053451110439492
RORC	0.8141788752362595
ECT2L	0.14648550476075894
HTR2A	0.949236537848292
CCDC7	0.7534336937037467
SIVA1	0.9158016179082566
SERPINA10	0.202700976194635
AP1AR	0.26012788587155544
TMPRSS11A	0.8802838084715559
DERL3	0.7246276496661948
RYR3	-1.0
PLAU	-1.0
SLC28A3	0.7030193515625095
LGR6	1.0
SQRDL	0.8251803901623324
FBXL6	0.3984105008254656
PROM2	0.9776390563924297
SLC23A2	0.9826752056489306
CRYM	0.8835849206962503
SYT2	0.5846935324147999
ANXA13	0.9250242442315977
NDUFC2-KCTD14	0.6842589507865002
SRI	0.8791792844213325
PLSCR2	0.7985844537798763
THBS3	0.8775735339324823
EFNA4	0.14340230642087914
PCGF6	0.9122410191992375
CTSV	0.1843695821303296
GYPE	0.5394108452832156
AKR1C2	0.6915853962890401
LRRC29	0.7198950556021344
LTB4R2	0.15677384825369256
GM2A	0.4480220898476934
OLAH	0.677397758000504
CIDEC	0.29257807988119855
WDR78	0.8811470957175346
CCNYL1	0.09241697481111188
SCEL	-1.0
CTNNA3	0.7931092454288422
ALDH3B2	0.4552242152067977
M6PR	0.6456230105248033
TMPRSS2	0.418568301881886
ATP6V0A4	0.9210529360389347
SAP30L	0.7115315001348689
C1QTNF9B-AS1	0.11581444673857155
KCNK2	0.962449098613078
CLEC3A	0.4123374640105303
DGKG	0.025239452787701344
ZFP91	0.32902462038877434
MB	0.2400135396961307
DMBT1	-1.0
NELL1	0.6406463022957587
C2orf54	0.3761582908253921
MCM9	0.22120839058031028
ALDH8A1	0.593792159763595
TRABD2A	0.744783178673869
SPDEF	0.9846342000264572
TRIM54	0.4766569512079173
LHX6	0.8848697095661469
PCDHA3	0.7639593334952994
KCNRG	0.7108148496302154
ITIH1	0.7992000040148648
ATP6V1C2	0.20292733107680427
CR2	0.7158677011463896
ALS2CL	0.4081696108798626
ART3	-1.0
CCDC121	0.9439112227303504
SGOL2	0.5273557256766275
RFX4	0.46073747127691433
CLUAP1	0.7732010791138149
PTK6	1.0
DCTN5	0.7723149816213282
XIRP2	1.0
LHX9	-1.0
C2orf74	0.519416002114111
FAM49B	0.6460324718974821
CNST	0.15246432666921605

